Notice No,Subject,Segment Name,Category Name,Department,Notice Url
20240730-49,Daily Bulletin,General,Company related,Listing Operations,https://www.bseindia.com:6443/markets/MarketInfo/DispNewNoticesCirculars.aspx?page=20240730-49,,,,,,,,,,,,,,,,,,,,,,,,,,,,,,,,,,,,,,,,,,,,,,,,,,,,,,,,,,,
20240730-48,Suspension of Trading in Debentures of EDWARD FOOD RESEARCH AND ANALYSIS CENTRE LIMITED,Debt,Corporate Actions,Listing Operations,https://www.bseindia.com:6443/markets/MarketInfo/DispNewNoticesCirculars.aspx?page=20240730-48,,,,,,,,,,,,,,,,,,,,,,,,,,,,,,,,,,,,,,,,,,,,,,,,,,,,,,,,,,,
20240730-47,Suspension of Trading in Debentures of ECAP EQUITIES LIMITED,Debt,Corporate Actions,Listing Operations,https://www.bseindia.com:6443/markets/MarketInfo/DispNewNoticesCirculars.aspx?page=20240730-47,,,,,,,,,,,,,,,,,,,,,,,,,,,,,,,,,,,,,,,,,,,,,,,,,,,,,,,,,,,
20240730-46,Suspension of Trading in Debentures of ANNAPURNA FINANCE PRIVATE LIMITED,Debt,Corporate Actions,Listing Operations,https://www.bseindia.com:6443/markets/MarketInfo/DispNewNoticesCirculars.aspx?page=20240730-46,,,,,,,,,,,,,,,,,,,,,,,,,,,,,,,,,,,,,,,,,,,,,,,,,,,,,,,,,,,
20240730-45,Suspension of Trading in Commercial Paper,Debt,Corporate Actions,Listing Operations,https://www.bseindia.com:6443/markets/MarketInfo/DispNewNoticesCirculars.aspx?page=20240730-45,,,,,,,,,,,,,,,,,,,,,,,,,,,,,,,,,,,,,,,,,,,,,,,,,,,,,,,,,,,
20240730-44,Part Redemption of Debentures of EMBASSY PROPERTY DEVELOPMENTS PRIVATE LIMITED,Debt,Corporate Actions,Listing Operations,https://www.bseindia.com:6443/markets/MarketInfo/DispNewNoticesCirculars.aspx?page=20240730-44,,,,,,,,,,,,,,,,,,,,,,,,,,,,,,,,,,,,,,,,,,,,,,,,,,,,,,,,,,,
20240730-43,Rights issue of Equity Shares of SWISS MILITARY CONSUMER GOODS LIMITED,Equity,Corporate Actions,Listing Operations,https://www.bseindia.com:6443/markets/MarketInfo/DispNewNoticesCirculars.aspx?page=20240730-43,,,,,,,,,,,,,,,,,,,,,,,,,,,,,,,,,,,,,,,,,,,,,,,,,,,,,,,,,,,
20240730-42,Sub-division and Bonus issue of MARUTI INFRASTRUCTURE LTD. (Scrip Code: 531540),Equity,Corporate Actions,Listing Operations,https://www.bseindia.com:6443/markets/MarketInfo/DispNewNoticesCirculars.aspx?page=20240730-42,,,,,,,,,,,,,,,,,,,,,,,,,,,,,,,,,,,,,,,,,,,,,,,,,,,,,,,,,,,
20240730-41,Subdivision of Equity Shares of THINKINK PICTUREZ LTD (Scrip Code: 539310).,Equity,Corporate Actions,Listing Operations,https://www.bseindia.com:6443/markets/MarketInfo/DispNewNoticesCirculars.aspx?page=20240730-41,,,,,,,,,,,,,,,,,,,,,,,,,,,,,,,,,,,,,,,,,,,,,,,,,,,,,,,,,,,
20240730-40,Scheme of Arrangement (Demerger) of AJMERA REALTY & INFRA INDIA LTD (Scrip Code 513349) ,Equity,Corporate Actions,Listing Operations,https://www.bseindia.com:6443/markets/MarketInfo/DispNewNoticesCirculars.aspx?page=20240730-40,,,,,,,,,,,,,,,,,,,,,,,,,,,,,,,,,,,,,,,,,,,,,,,,,,,,,,,,,,,
20240730-39,Order in the matter of front running by Alka Jain (Big Client- Sapphire Intrex Limited).,General,Compliance,DOSS,https://www.bseindia.com:6443/markets/MarketInfo/DispNewNoticesCirculars.aspx?page=20240730-39,,,,,,,,,,,,,,,,,,,,,,,,,,,,,,,,,,,,,,,,,,,,,,,,,,,,,,,,,,,
20240730-38,CHANGES IN PRICE BAND,Equity,Trading,DOSS,https://www.bseindia.com:6443/markets/MarketInfo/DispNewNoticesCirculars.aspx?page=20240730-38,,,,,,,,,,,,,,,,,,,,,,,,,,,,,,,,,,,,,,,,,,,,,,,,,,,,,,,,,,,
20240730-37,Clarification received from the company on news article,Equity,Company related,DOSS,https://www.bseindia.com:6443/markets/MarketInfo/DispNewNoticesCirculars.aspx?page=20240730-37,,,,,,,,,,,,,,,,,,,,,,,,,,,,,,,,,,,,,,,,,,,,,,,,,,,,,,,,,,,
20240730-36,Clarifications received from the companies,Equity,Company related,DOSS,https://www.bseindia.com:6443/markets/MarketInfo/DispNewNoticesCirculars.aspx?page=20240730-36,,,,,,,,,,,,,,,,,,,,,,,,,,,,,,,,,,,,,,,,,,,,,,,,,,,,,,,,,,,
20240730-35,Graded Surveillance Measure (GSM) - List of securities moving into their respective GSM Stages,Equity,Trading,DOSS,https://www.bseindia.com:6443/markets/MarketInfo/DispNewNoticesCirculars.aspx?page=20240730-35,,,,,,,,,,,,,,,,,,,,,,,,,,,,,,,,,,,,,,,,,,,,,,,,,,,,,,,,,,,
20240730-34,Applicability of Additional Surveillance Measure,Equity,Trading,DOSS,https://www.bseindia.com:6443/markets/MarketInfo/DispNewNoticesCirculars.aspx?page=20240730-34,,,,,,,,,,,,,,,,,,,,,,,,,,,,,,,,,,,,,,,,,,,,,,,,,,,,,,,,,,,
20240730-33,Applicability of Short Term Additional Surveillance Measure (ST-ASM),Equity,Trading,DOSS,https://www.bseindia.com:6443/markets/MarketInfo/DispNewNoticesCirculars.aspx?page=20240730-33,,,,,,,,,,,,,,,,,,,,,,,,,,,,,,,,,,,,,,,,,,,,,,,,,,,,,,,,,,,
20240730-32,Listing of further securities issued by the companies under ESOP/ESOS,Equity,Company related,Listing Operations,https://www.bseindia.com:6443/markets/MarketInfo/DispNewNoticesCirculars.aspx?page=20240730-32,,,,,,,,,,,,,,,,,,,,,,,,,,,,,,,,,,,,,,,,,,,,,,,,,,,,,,,,,,,
20240730-31,Listing of New Securities of Panchsheel Organic Ltd.,Equity,Company related,Listing Operations,https://www.bseindia.com:6443/markets/MarketInfo/DispNewNoticesCirculars.aspx?page=20240730-31,,,,,,,,,,,,,,,,,,,,,,,,,,,,,,,,,,,,,,,,,,,,,,,,,,,,,,,,,,,
20240730-30,Listing of New Securities of Megastar Foods Limited,Equity,Company related,Listing Operations,https://www.bseindia.com:6443/markets/MarketInfo/DispNewNoticesCirculars.aspx?page=20240730-30,,,,,,,,,,,,,,,,,,,,,,,,,,,,,,,,,,,,,,,,,,,,,,,,,,,,,,,,,,,
20240730-29,Availability of FRANKLIN INDIA MULTICAP FUND for ongoing transactions on BSE StAR MF Platform,Mutual Fund,Trading,Trading Operations,https://www.bseindia.com:6443/markets/MarketInfo/DispNewNoticesCirculars.aspx?page=20240730-29,,,,,,,,,,,,,,,,,,,,,,,,,,,,,,,,,,,,,,,,,,,,,,,,,,,,,,,,,,,
20240730-28,Listing of Securities Srestha Finvest Limited,Equity,Company related,Listing Operations,https://www.bseindia.com:6443/markets/MarketInfo/DispNewNoticesCirculars.aspx?page=20240730-28,,,,,,,,,,,,,,,,,,,,,,,,,,,,,,,,,,,,,,,,,,,,,,,,,,,,,,,,,,,
20240730-27,Listing of 1528 Bonus Equity Shares kept in abeyance of Castrol India Ltd.,Equity,Company related,Listing Operations,https://www.bseindia.com:6443/markets/MarketInfo/DispNewNoticesCirculars.aspx?page=20240730-27,,,,,,,,,,,,,,,,,,,,,,,,,,,,,,,,,,,,,,,,,,,,,,,,,,,,,,,,,,,
20240730-26,Order in the matter of misstatements/irregularities in the financial statements of Omaxe Limited.,General,Compliance,DOSS,https://www.bseindia.com:6443/markets/MarketInfo/DispNewNoticesCirculars.aspx?page=20240730-26,,,,,,,,,,,,,,,,,,,,,,,,,,,,,,,,,,,,,,,,,,,,,,,,,,,,,,,,,,,
20240730-25,Enhanced Surveillance Measure (ESM),Equity,Trading,DOSS,https://www.bseindia.com:6443/markets/MarketInfo/DispNewNoticesCirculars.aspx?page=20240730-25,,,,,,,,,,,,,,,,,,,,,,,,,,,,,,,,,,,,,,,,,,,,,,,,,,,,,,,,,,,
20240730-24,Listing of new Commercial Paper of Mirae Asset Financial Services (India) Private Limited ,Debt,Company related,Listing Operations,https://www.bseindia.com:6443/markets/MarketInfo/DispNewNoticesCirculars.aspx?page=20240730-24,,,,,,,,,,,,,,,,,,,,,,,,,,,,,,,,,,,,,,,,,,,,,,,,,,,,,,,,,,,
20240730-23,Listing of new Commercial Paper of Adani Enterprises Ltd. ,Debt,Company related,Listing Operations,https://www.bseindia.com:6443/markets/MarketInfo/DispNewNoticesCirculars.aspx?page=20240730-23,,,,,,,,,,,,,,,,,,,,,,,,,,,,,,,,,,,,,,,,,,,,,,,,,,,,,,,,,,,
20240730-22,Listing of new Commercial Paper of KEC International Ltd. ,Debt,Company related,Listing Operations,https://www.bseindia.com:6443/markets/MarketInfo/DispNewNoticesCirculars.aspx?page=20240730-22,,,,,,,,,,,,,,,,,,,,,,,,,,,,,,,,,,,,,,,,,,,,,,,,,,,,,,,,,,,
20240730-21,Listing of new Commercial Paper of ARKA FINCAP LIMITED,Debt,Company related,Listing Operations,https://www.bseindia.com:6443/markets/MarketInfo/DispNewNoticesCirculars.aspx?page=20240730-21,,,,,,,,,,,,,,,,,,,,,,,,,,,,,,,,,,,,,,,,,,,,,,,,,,,,,,,,,,,
20240730-20,Listing of new Commercial Paper of Axis Finance Limited,Debt,Company related,Listing Operations,https://www.bseindia.com:6443/markets/MarketInfo/DispNewNoticesCirculars.aspx?page=20240730-20,,,,,,,,,,,,,,,,,,,,,,,,,,,,,,,,,,,,,,,,,,,,,,,,,,,,,,,,,,,
20240730-19,Listing of new Commercial Paper of IndoStar Capital Finance Limited ,Debt,Company related,Listing Operations,https://www.bseindia.com:6443/markets/MarketInfo/DispNewNoticesCirculars.aspx?page=20240730-19,,,,,,,,,,,,,,,,,,,,,,,,,,,,,,,,,,,,,,,,,,,,,,,,,,,,,,,,,,,
20240730-18,Listing of new Commercial Paper of BOBCARD Limited,Debt,Company related,Listing Operations,https://www.bseindia.com:6443/markets/MarketInfo/DispNewNoticesCirculars.aspx?page=20240730-18,,,,,,,,,,,,,,,,,,,,,,,,,,,,,,,,,,,,,,,,,,,,,,,,,,,,,,,,,,,
20240730-17,Listing of new Commercial Paper of Tata Housing Development Company Limited,Debt,Company related,Listing Operations,https://www.bseindia.com:6443/markets/MarketInfo/DispNewNoticesCirculars.aspx?page=20240730-17,,,,,,,,,,,,,,,,,,,,,,,,,,,,,,,,,,,,,,,,,,,,,,,,,,,,,,,,,,,
20240730-16,Listing of new Commercial Paper of Indian Oil Corporation Ltd,Debt,Company related,Listing Operations,https://www.bseindia.com:6443/markets/MarketInfo/DispNewNoticesCirculars.aspx?page=20240730-16,,,,,,,,,,,,,,,,,,,,,,,,,,,,,,,,,,,,,,,,,,,,,,,,,,,,,,,,,,,
20240730-15,Listing of new debt securities of Setco Auto Systems Private Limited,Debt,Company related,Listing Operations,https://www.bseindia.com:6443/markets/MarketInfo/DispNewNoticesCirculars.aspx?page=20240730-15,,,,,,,,,,,,,,,,,,,,,,,,,,,,,,,,,,,,,,,,,,,,,,,,,,,,,,,,,,,
20240730-14,Listing of Units of Aditya Birla Sun Life Nifty PSE ETF a scheme under Aditya Birla Sun Life Mutual Fund,Mutual Fund,Company related,Listing Operations,https://www.bseindia.com:6443/markets/MarketInfo/DispNewNoticesCirculars.aspx?page=20240730-14,,,,,,,,,,,,,,,,,,,,,,,,,,,,,,,,,,,,,,,,,,,,,,,,,,,,,,,,,,,
20240730-13,Change in Name of the Company.,Equity,Corporate Actions,Listing Operations,https://www.bseindia.com:6443/markets/MarketInfo/DispNewNoticesCirculars.aspx?page=20240730-13,,,,,,,,,,,,,,,,,,,,,,,,,,,,,,,,,,,,,,,,,,,,,,,,,,,,,,,,,,,
20240730-12,Market Lot Change for Bonus issue of GOEL FOOD PRODUCTS LIMITED(Scrip Code: 543538),Equity,Corporate Actions,Listing Operations,https://www.bseindia.com:6443/markets/MarketInfo/DispNewNoticesCirculars.aspx?page=20240730-12,,,,,,,,,,,,,,,,,,,,,,,,,,,,,,,,,,,,,,,,,,,,,,,,,,,,,,,,,,,
20240730-11,Action against the Defaulting Companies for non-payment of Annual Listing Fees (ALF) – Equity Segment,Equity,Company related,Listing Operations,https://www.bseindia.com:6443/markets/MarketInfo/DispNewNoticesCirculars.aspx?page=20240730-11,,,,,,,,,,,,,,,,,,,,,,,,,,,,,,,,,,,,,,,,,,,,,,,,,,,,,,,,,,,
20240730-10,Addition to the BSE SME IPO INDEX,Equity,Index,Index Cell,https://www.bseindia.com:6443/markets/MarketInfo/DispNewNoticesCirculars.aspx?page=20240730-10,,,,,,,,,,,,,,,,,,,,,,,,,,,,,,,,,,,,,,,,,,,,,,,,,,,,,,,,,,,
20240730-9,Introduction of Any Day STP facility under Weekly option in BANDHAN Mutual Fund,Mutual Fund,Trading,Trading Operations,https://www.bseindia.com:6443/markets/MarketInfo/DispNewNoticesCirculars.aspx?page=20240730-9,,,,,,,,,,,,,,,,,,,,,,,,,,,,,,,,,,,,,,,,,,,,,,,,,,,,,,,,,,,
20240730-8,Listing of New Securities of VINTAGE COFFEE AND BEVERAGES LIMITED,Equity,Company related,Listing Operations,https://www.bseindia.com:6443/markets/MarketInfo/DispNewNoticesCirculars.aspx?page=20240730-8,,,,,,,,,,,,,,,,,,,,,,,,,,,,,,,,,,,,,,,,,,,,,,,,,,,,,,,,,,,
20240730-7,Suspension of trading in T-Bills ,Debt,Corporate Actions,Listing Operations,https://www.bseindia.com:6443/markets/MarketInfo/DispNewNoticesCirculars.aspx?page=20240730-7,,,,,,,,,,,,,,,,,,,,,,,,,,,,,,,,,,,,,,,,,,,,,,,,,,,,,,,,,,,
20240730-6,Resignation of Trading Members ,General,Others,Membership Compliance,https://www.bseindia.com:6443/markets/MarketInfo/DispNewNoticesCirculars.aspx?page=20240730-6,,,,,,,,,,,,,,,,,,,,,,,,,,,,,,,,,,,,,,,,,,,,,,,,,,,,,,,,,,,
20240730-5,Non-Competitive Bidding for Auction of GoI dated Securities (G-secs) on August 02 2024,Debt,Trading,Trading Operations,https://www.bseindia.com:6443/markets/MarketInfo/DispNewNoticesCirculars.aspx?page=20240730-5,,,,,,,,,,,,,,,,,,,,,,,,,,,,,,,,,,,,,,,,,,,,,,,,,,,,,,,,,,,
20240730-4,Commencement of business by Trading Member Delta Techinvest Private Limited (Member Code: 6887) in Cash and Equity Derivatives segments,General,Others,Membership Compliance,https://www.bseindia.com:6443/markets/MarketInfo/DispNewNoticesCirculars.aspx?page=20240730-4,,,,,,,,,,,,,,,,,,,,,,,,,,,,,,,,,,,,,,,,,,,,,,,,,,,,,,,,,,,
20240730-3,Demat Auction - 682,General,Settlement/RMS,Post Trade,https://www.bseindia.com:6443/markets/MarketInfo/DispNewNoticesCirculars.aspx?page=20240730-3,,,,,,,,,,,,,,,,,,,,,,,,,,,,,,,,,,,,,,,,,,,,,,,,,,,,,,,,,,,
20240730-2,Forfeiture of Equity Shares of Aarti Surfactants Ltd.,Equity,Company related,Listing Operations,https://www.bseindia.com:6443/markets/MarketInfo/DispNewNoticesCirculars.aspx?page=20240730-2,,,,,,,,,,,,,,,,,,,,,,,,,,,,,,,,,,,,,,,,,,,,,,,,,,,,,,,,,,,
20240730-1,Change in Group of Equity Shares of VVIP Infratech Limited,SME,Company related,Listing Operations,https://www.bseindia.com:6443/markets/MarketInfo/DispNewNoticesCirculars.aspx?page=20240730-1,,,,,,,,,,,,,,,,,,,,,,,,,,,,,,,,,,,,,,,,,,,,,,,,,,,,,,,,,,,
20240729-48,Order in respect of S.P.Natural Eco-Green Projects (India) Limited,General,Compliance,DOSS,https://www.bseindia.com:6443/markets/MarketInfo/DispNewNoticesCirculars.aspx?page=20240729-48,,,,,,,,,,,,,,,,,,,,,,,,,,,,,,,,,,,,,,,,,,,,,,,,,,,,,,,,,,,
20240729-47,Public Issue of  AKUMS DRUGS AND PHARMACEUTICALS LIMITED - Allocation to Anchor Investors ,Equity,Company related,Listing Operations,https://www.bseindia.com:6443/markets/MarketInfo/DispNewNoticesCirculars.aspx?page=20240729-47,,,,,,,,,,,,,,,,,,,,,,,,,,,,,,,,,,,,,,,,,,,,,,,,,,,,,,,,,,,
20240729-46,Offer to Buy – Acquisition Window (TAKEOVER) for CITYGOLD AND CREDIT CAPITAL LIMITED- Live Activities Schedule,Equity,Trading,Trading Operations,https://www.bseindia.com:6443/markets/MarketInfo/DispNewNoticesCirculars.aspx?page=20240729-46,,,,,,,,,,,,,,,,,,,,,,,,,,,,,,,,,,,,,,,,,,,,,,,,,,,,,,,,,,,
20240729-45,Daily Bulletin,General,Company related,Listing Operations,https://www.bseindia.com:6443/markets/MarketInfo/DispNewNoticesCirculars.aspx?page=20240729-45,,,,,,,,,,,,,,,,,,,,,,,,,,,,,,,,,,,,,,,,,,,,,,,,,,,,,,,,,,,
20240729-44,Change in Name of the Company,Equity,Corporate Actions,Listing Operations,https://www.bseindia.com:6443/markets/MarketInfo/DispNewNoticesCirculars.aspx?page=20240729-44,,,,,,,,,,,,,,,,,,,,,,,,,,,,,,,,,,,,,,,,,,,,,,,,,,,,,,,,,,,
20240729-43,Rights Entitlements of GACM TECHNOLOGIES LIMITED (EQ-DVR),Equity,Company related,Listing Operations,https://www.bseindia.com:6443/markets/MarketInfo/DispNewNoticesCirculars.aspx?page=20240729-43,,,,,,,,,,,,,,,,,,,,,,,,,,,,,,,,,,,,,,,,,,,,,,,,,,,,,,,,,,,
20240729-42,Pre-Trade Risk Control – Limit Price Protection in Equity Derivatives Segment - Update,Derivatives,Trading,Trading Operations,https://www.bseindia.com:6443/markets/MarketInfo/DispNewNoticesCirculars.aspx?page=20240729-42,,,,,,,,,,,,,,,,,,,,,,,,,,,,,,,,,,,,,,,,,,,,,,,,,,,,,,,,,,,
20240729-41,Listing of Equity Shares of VVIP Infratech Limited,SME,Company related,Listing Operations,https://www.bseindia.com:6443/markets/MarketInfo/DispNewNoticesCirculars.aspx?page=20240729-41,,,,,,,,,,,,,,,,,,,,,,,,,,,,,,,,,,,,,,,,,,,,,,,,,,,,,,,,,,,
20240729-40,Rights Entitlements of GACM TECHNOLOGIES LIMITED,Equity,Company related,Listing Operations,https://www.bseindia.com:6443/markets/MarketInfo/DispNewNoticesCirculars.aspx?page=20240729-40,,,,,,,,,,,,,,,,,,,,,,,,,,,,,,,,,,,,,,,,,,,,,,,,,,,,,,,,,,,
20240729-39,Enhanced Surveillance Measure (ESM),Equity,Trading,DOSS,https://www.bseindia.com:6443/markets/MarketInfo/DispNewNoticesCirculars.aspx?page=20240729-39,,,,,,,,,,,,,,,,,,,,,,,,,,,,,,,,,,,,,,,,,,,,,,,,,,,,,,,,,,,
20240729-38,Clarifications received from the companies,Equity,Company related,DOSS,https://www.bseindia.com:6443/markets/MarketInfo/DispNewNoticesCirculars.aspx?page=20240729-38,,,,,,,,,,,,,,,,,,,,,,,,,,,,,,,,,,,,,,,,,,,,,,,,,,,,,,,,,,,
20240729-37,Applicability of Additional Surveillance Measure,Equity,Trading,DOSS,https://www.bseindia.com:6443/markets/MarketInfo/DispNewNoticesCirculars.aspx?page=20240729-37,,,,,,,,,,,,,,,,,,,,,,,,,,,,,,,,,,,,,,,,,,,,,,,,,,,,,,,,,,,
20240729-36,Listing of further securities issued by the companies under ESOP/ESOS,Equity,Company related,Listing Operations,https://www.bseindia.com:6443/markets/MarketInfo/DispNewNoticesCirculars.aspx?page=20240729-36,,,,,,,,,,,,,,,,,,,,,,,,,,,,,,,,,,,,,,,,,,,,,,,,,,,,,,,,,,,
20240729-35,Applicability of Short Term Additional Surveillance Measure (ST-ASM),Equity,Trading,DOSS,https://www.bseindia.com:6443/markets/MarketInfo/DispNewNoticesCirculars.aspx?page=20240729-35,,,,,,,,,,,,,,,,,,,,,,,,,,,,,,,,,,,,,,,,,,,,,,,,,,,,,,,,,,,
20240729-34,Graded Surveillance Measure (GSM) - List of securities moving into their respective GSM Stages,Equity,Trading,DOSS,https://www.bseindia.com:6443/markets/MarketInfo/DispNewNoticesCirculars.aspx?page=20240729-34,,,,,,,,,,,,,,,,,,,,,,,,,,,,,,,,,,,,,,,,,,,,,,,,,,,,,,,,,,,
20240729-33,CHANGES IN PRICE BAND,Equity,Trading,DOSS,https://www.bseindia.com:6443/markets/MarketInfo/DispNewNoticesCirculars.aspx?page=20240729-33,,,,,,,,,,,,,,,,,,,,,,,,,,,,,,,,,,,,,,,,,,,,,,,,,,,,,,,,,,,
20240729-32,Shifting of scrips to ‘Z’ / ‘ZP’/ ‘ZY’ group,Equity,Company related,Listing Compliance-Monitoring,https://www.bseindia.com:6443/markets/MarketInfo/DispNewNoticesCirculars.aspx?page=20240729-32,,,,,,,,,,,,,,,,,,,,,,,,,,,,,,,,,,,,,,,,,,,,,,,,,,,,,,,,,,,
20240729-31,Listing of Securities Sampre Nutritions Ltd,Equity,Company related,Listing Operations,https://www.bseindia.com:6443/markets/MarketInfo/DispNewNoticesCirculars.aspx?page=20240729-31,,,,,,,,,,,,,,,,,,,,,,,,,,,,,,,,,,,,,,,,,,,,,,,,,,,,,,,,,,,
20240729-30,Listing of New Securities of Eiko Lifesciences Ltd,Equity,Company related,Listing Operations,https://www.bseindia.com:6443/markets/MarketInfo/DispNewNoticesCirculars.aspx?page=20240729-30,,,,,,,,,,,,,,,,,,,,,,,,,,,,,,,,,,,,,,,,,,,,,,,,,,,,,,,,,,,
20240729-29,Listing of Secured Redeemable Non-Convertible Debentures of Edelweiss Financial Services Limited,Debt,Company related,Listing Operations,https://www.bseindia.com:6443/markets/MarketInfo/DispNewNoticesCirculars.aspx?page=20240729-29,,,,,,,,,,,,,,,,,,,,,,,,,,,,,,,,,,,,,,,,,,,,,,,,,,,,,,,,,,,
20240729-28,Listing of new Commercial Paper of Reliance Retail Ventures Limited ,Debt,Company related,Listing Operations,https://www.bseindia.com:6443/markets/MarketInfo/DispNewNoticesCirculars.aspx?page=20240729-28,,,,,,,,,,,,,,,,,,,,,,,,,,,,,,,,,,,,,,,,,,,,,,,,,,,,,,,,,,,
20240729-27,Listing of new Commercial Paper of TV18 Broadcast Ltd,Debt,Company related,Listing Operations,https://www.bseindia.com:6443/markets/MarketInfo/DispNewNoticesCirculars.aspx?page=20240729-27,,,,,,,,,,,,,,,,,,,,,,,,,,,,,,,,,,,,,,,,,,,,,,,,,,,,,,,,,,,
20240729-26,Listing of new Commercial Paper of Motilal Oswal Financial Services Limited ,Debt,Company related,Listing Operations,https://www.bseindia.com:6443/markets/MarketInfo/DispNewNoticesCirculars.aspx?page=20240729-26,,,,,,,,,,,,,,,,,,,,,,,,,,,,,,,,,,,,,,,,,,,,,,,,,,,,,,,,,,,
20240729-25,Listing of new Commercial Paper of J.K. CEMENT LTD ,Debt,Company related,Listing Operations,https://www.bseindia.com:6443/markets/MarketInfo/DispNewNoticesCirculars.aspx?page=20240729-25,,,,,,,,,,,,,,,,,,,,,,,,,,,,,,,,,,,,,,,,,,,,,,,,,,,,,,,,,,,
20240729-24,Listing of new Commercial Paper of SBICAP Securities Limited ,Debt,Company related,Listing Operations,https://www.bseindia.com:6443/markets/MarketInfo/DispNewNoticesCirculars.aspx?page=20240729-24,,,,,,,,,,,,,,,,,,,,,,,,,,,,,,,,,,,,,,,,,,,,,,,,,,,,,,,,,,,
20240729-23,Listing of new Commercial Paper of Network 18 Media & Investments Limited ,Debt,Company related,Listing Operations,https://www.bseindia.com:6443/markets/MarketInfo/DispNewNoticesCirculars.aspx?page=20240729-23,,,,,,,,,,,,,,,,,,,,,,,,,,,,,,,,,,,,,,,,,,,,,,,,,,,,,,,,,,,
20240729-22,Listing of new Commercial Paper of CNH Industrial Capital (India) Private Limited ,Debt,Company related,Listing Operations,https://www.bseindia.com:6443/markets/MarketInfo/DispNewNoticesCirculars.aspx?page=20240729-22,,,,,,,,,,,,,,,,,,,,,,,,,,,,,,,,,,,,,,,,,,,,,,,,,,,,,,,,,,,
20240729-21,Listing of new Commercial Paper of Can Fin Homes Ltd.,Debt,Company related,Listing Operations,https://www.bseindia.com:6443/markets/MarketInfo/DispNewNoticesCirculars.aspx?page=20240729-21,,,,,,,,,,,,,,,,,,,,,,,,,,,,,,,,,,,,,,,,,,,,,,,,,,,,,,,,,,,
20240729-20,Listing of new Commercial Paper of Jamnagar Utilities & Power Private Limited,Debt,Company related,Listing Operations,https://www.bseindia.com:6443/markets/MarketInfo/DispNewNoticesCirculars.aspx?page=20240729-20,,,,,,,,,,,,,,,,,,,,,,,,,,,,,,,,,,,,,,,,,,,,,,,,,,,,,,,,,,,
20240729-19,Listing of new debt securities of Godrej Properties Limited,Debt,Company related,Listing Operations,https://www.bseindia.com:6443/markets/MarketInfo/DispNewNoticesCirculars.aspx?page=20240729-19,,,,,,,,,,,,,,,,,,,,,,,,,,,,,,,,,,,,,,,,,,,,,,,,,,,,,,,,,,,
20240729-18,Listing of new debt securities of Universal Sompo General Insurance Company Limited,Debt,Company related,Listing Operations,https://www.bseindia.com:6443/markets/MarketInfo/DispNewNoticesCirculars.aspx?page=20240729-18,,,,,,,,,,,,,,,,,,,,,,,,,,,,,,,,,,,,,,,,,,,,,,,,,,,,,,,,,,,
20240729-17,Listing of new debt securities of IKF Finance Limited,Debt,Company related,Listing Operations,https://www.bseindia.com:6443/markets/MarketInfo/DispNewNoticesCirculars.aspx?page=20240729-17,,,,,,,,,,,,,,,,,,,,,,,,,,,,,,,,,,,,,,,,,,,,,,,,,,,,,,,,,,,
20240729-16,Settlement Schedule Offer to Buy – Acquisition Window (Takeover) for CITY GOLD CREDIT CAPITAL LIMITED.,General,Settlement/RMS,Post Trade,https://www.bseindia.com:6443/markets/MarketInfo/DispNewNoticesCirculars.aspx?page=20240729-16,,,,,,,,,,,,,,,,,,,,,,,,,,,,,,,,,,,,,,,,,,,,,,,,,,,,,,,,,,,
20240729-15,Listing of Securities of SEPC Limited,Equity,Company related,Listing Operations,https://www.bseindia.com:6443/markets/MarketInfo/DispNewNoticesCirculars.aspx?page=20240729-15,,,,,,,,,,,,,,,,,,,,,,,,,,,,,,,,,,,,,,,,,,,,,,,,,,,,,,,,,,,
20240729-14,Listing of New Securities of RELIANCE INDUSTRIES LTD.,Equity,Company related,Listing Operations,https://www.bseindia.com:6443/markets/MarketInfo/DispNewNoticesCirculars.aspx?page=20240729-14,,,,,,,,,,,,,,,,,,,,,,,,,,,,,,,,,,,,,,,,,,,,,,,,,,,,,,,,,,,
20240729-13,Listing of New Securities of YOGI LIMITED,Equity,Company related,Listing Operations,https://www.bseindia.com:6443/markets/MarketInfo/DispNewNoticesCirculars.aspx?page=20240729-13,,,,,,,,,,,,,,,,,,,,,,,,,,,,,,,,,,,,,,,,,,,,,,,,,,,,,,,,,,,
20240729-12,BCX – Tender Period Margin Tracker – August 2024,Derivatives,Settlement/RMS,Post Trade,https://www.bseindia.com:6443/markets/MarketInfo/DispNewNoticesCirculars.aspx?page=20240729-12,,,,,,,,,,,,,,,,,,,,,,,,,,,,,,,,,,,,,,,,,,,,,,,,,,,,,,,,,,,
20240729-11,Bonus issue of GOEL FOOD PRODUCTS LIMITED(Scrip Code: 543538),Equity,Corporate Actions,Listing Operations,https://www.bseindia.com:6443/markets/MarketInfo/DispNewNoticesCirculars.aspx?page=20240729-11,,,,,,,,,,,,,,,,,,,,,,,,,,,,,,,,,,,,,,,,,,,,,,,,,,,,,,,,,,,
20240729-10,New ISIN Number of PANORAMA STUDIOS INTERNATIONAL LTD (Scrip Code: 539469),Equity,Corporate Actions,Listing Operations,https://www.bseindia.com:6443/markets/MarketInfo/DispNewNoticesCirculars.aspx?page=20240729-10,,,,,,,,,,,,,,,,,,,,,,,,,,,,,,,,,,,,,,,,,,,,,,,,,,,,,,,,,,,
20240729-9,Suspension of trading in T-Bills ,Debt,Corporate Actions,Listing Operations,https://www.bseindia.com:6443/markets/MarketInfo/DispNewNoticesCirculars.aspx?page=20240729-9,,,,,,,,,,,,,,,,,,,,,,,,,,,,,,,,,,,,,,,,,,,,,,,,,,,,,,,,,,,
20240729-8,Resignation of Trading Member ,General,Others,Membership Compliance,https://www.bseindia.com:6443/markets/MarketInfo/DispNewNoticesCirculars.aspx?page=20240729-8,,,,,,,,,,,,,,,,,,,,,,,,,,,,,,,,,,,,,,,,,,,,,,,,,,,,,,,,,,,
20240729-7,Demat Auction - 681,General,Settlement/RMS,Post Trade,https://www.bseindia.com:6443/markets/MarketInfo/DispNewNoticesCirculars.aspx?page=20240729-7,,,,,,,,,,,,,,,,,,,,,,,,,,,,,,,,,,,,,,,,,,,,,,,,,,,,,,,,,,,
20240729-6,Part Redemption of Debentures of KOLTE-PATIL DEVELOPERS LTD,Debt,Corporate Actions,Listing Operations,https://www.bseindia.com:6443/markets/MarketInfo/DispNewNoticesCirculars.aspx?page=20240729-6,,,,,,,,,,,,,,,,,,,,,,,,,,,,,,,,,,,,,,,,,,,,,,,,,,,,,,,,,,,
20240729-5,Listing of Equity Shares of VVIP Infratech Limited,SME,Company related,Listing Operations,https://www.bseindia.com:6443/markets/MarketInfo/DispNewNoticesCirculars.aspx?page=20240729-5,,,,,,,,,,,,,,,,,,,,,,,,,,,,,,,,,,,,,,,,,,,,,,,,,,,,,,,,,,,
20240729-4,Introduction of Additional Contract master file in Equity Derivatives segment,Derivatives,Trading,Trading Development,https://www.bseindia.com:6443/markets/MarketInfo/DispNewNoticesCirculars.aspx?page=20240729-4,,,,,,,,,,,,,,,,,,,,,,,,,,,,,,,,,,,,,,,,,,,,,,,,,,,,,,,,,,,
20240729-3,CORPORATE ACTION IN SLB SECURITIES,SLB,Corporate Actions,Trading Operations,https://www.bseindia.com:6443/markets/MarketInfo/DispNewNoticesCirculars.aspx?page=20240729-3,,,,,,,,,,,,,,,,,,,,,,,,,,,,,,,,,,,,,,,,,,,,,,,,,,,,,,,,,,,
20240729-2,Resignation of Trading Member,General,Others,Membership Compliance,https://www.bseindia.com:6443/markets/MarketInfo/DispNewNoticesCirculars.aspx?page=20240729-2,,,,,,,,,,,,,,,,,,,,,,,,,,,,,,,,,,,,,,,,,,,,,,,,,,,,,,,,,,,
20240729-1,Confirmatory Order in the matter of V Marc India Limited.,General,Compliance,DOSS,https://www.bseindia.com:6443/markets/MarketInfo/DispNewNoticesCirculars.aspx?page=20240729-1,,,,,,,,,,,,,,,,,,,,,,,,,,,,,,,,,,,,,,,,,,,,,,,,,,,,,,,,,,,
20240727-3,Batch upload file format in UCC for updating Depository details,General,Compliance,DOSS,https://www.bseindia.com:6443/markets/MarketInfo/DispNewNoticesCirculars.aspx?page=20240727-3,,,,,,,,,,,,,,,,,,,,,,,,,,,,,,,,,,,,,,,,,,,,,,,,,,,,,,,,,,,
20240727-2,Non-Competitive Bidding Facility for Auction of Treasury Bills (T-Bills) on July 31 2024,Debt,Trading,Trading Operations,https://www.bseindia.com:6443/markets/MarketInfo/DispNewNoticesCirculars.aspx?page=20240727-2,,,,,,,,,,,,,,,,,,,,,,,,,,,,,,,,,,,,,,,,,,,,,,,,,,,,,,,,,,,
20240727-1,Non-Competitive Bidding for Auction of State Government Securities (SDL) on July 30 2024,Debt,Trading,Trading Operations,https://www.bseindia.com:6443/markets/MarketInfo/DispNewNoticesCirculars.aspx?page=20240727-1,,,,,,,,,,,,,,,,,,,,,,,,,,,,,,,,,,,,,,,,,,,,,,,,,,,,,,,,,,,
20240726-60,Resumption of trading in the Partly Paid-up Equity shares of Adroit Infotech Limited (Scrip Code 890196) ,Equity,Company related,Listing Operations,https://www.bseindia.com:6443/markets/MarketInfo/DispNewNoticesCirculars.aspx?page=20240726-60,,,,,,,,,,,,,,,,,,,,,,,,,,,,,,,,,,,,,,,,,,,,,,,,,,,,,,,,,,,
20240726-59,Daily Bulletin,General,Company related,Listing Operations,https://www.bseindia.com:6443/markets/MarketInfo/DispNewNoticesCirculars.aspx?page=20240726-59,,,,,,,,,,,,,,,,,,,,,,,,,,,,,,,,,,,,,,,,,,,,,,,,,,,,,,,,,,,
20240726-58,Tender Offer (Buyback) of Equity Shares of WELSPUN LIVING LIMITED,Equity,Corporate Actions,Listing Operations,https://www.bseindia.com:6443/markets/MarketInfo/DispNewNoticesCirculars.aspx?page=20240726-58,,,,,,,,,,,,,,,,,,,,,,,,,,,,,,,,,,,,,,,,,,,,,,,,,,,,,,,,,,,
20240726-57,Suspension of Trading in Debentures of INDOSTAR CAPITAL FINANCE LIMITED,Debt,Corporate Actions,Listing Operations,https://www.bseindia.com:6443/markets/MarketInfo/DispNewNoticesCirculars.aspx?page=20240726-57,,,,,,,,,,,,,,,,,,,,,,,,,,,,,,,,,,,,,,,,,,,,,,,,,,,,,,,,,,,
20240726-56,Suspension of Trading in Bonds of POWER FINANCE CORPORATION LTD,Debt,Corporate Actions,Listing Operations,https://www.bseindia.com:6443/markets/MarketInfo/DispNewNoticesCirculars.aspx?page=20240726-56,,,,,,,,,,,,,,,,,,,,,,,,,,,,,,,,,,,,,,,,,,,,,,,,,,,,,,,,,,,
20240726-55,Suspension of Trading in Debentures of SVATANTRA MICROFIN PRIVATE LIMITED,Debt,Corporate Actions,Listing Operations,https://www.bseindia.com:6443/markets/MarketInfo/DispNewNoticesCirculars.aspx?page=20240726-55,,,,,,,,,,,,,,,,,,,,,,,,,,,,,,,,,,,,,,,,,,,,,,,,,,,,,,,,,,,
20240726-54,Suspension of Trading in Debentures of ICICI HOME FINANCE COMPANY LIMITED,Debt,Corporate Actions,Listing Operations,https://www.bseindia.com:6443/markets/MarketInfo/DispNewNoticesCirculars.aspx?page=20240726-54,,,,,,,,,,,,,,,,,,,,,,,,,,,,,,,,,,,,,,,,,,,,,,,,,,,,,,,,,,,
20240726-53,Suspension of Trading in Debentures of NEOGROWTH CREDIT PRIVATE LIMITED,Debt,Corporate Actions,Listing Operations,https://www.bseindia.com:6443/markets/MarketInfo/DispNewNoticesCirculars.aspx?page=20240726-53,,,,,,,,,,,,,,,,,,,,,,,,,,,,,,,,,,,,,,,,,,,,,,,,,,,,,,,,,,,
20240726-52,Suspension of Trading in Commercial Paper,Debt,Corporate Actions,Listing Operations,https://www.bseindia.com:6443/markets/MarketInfo/DispNewNoticesCirculars.aspx?page=20240726-52,,,,,,,,,,,,,,,,,,,,,,,,,,,,,,,,,,,,,,,,,,,,,,,,,,,,,,,,,,,
20240726-51,Part Redemption of Debentures of MAS FINANCIAL SERVICES LIMITED,Debt,Corporate Actions,Listing Operations,https://www.bseindia.com:6443/markets/MarketInfo/DispNewNoticesCirculars.aspx?page=20240726-51,,,,,,,,,,,,,,,,,,,,,,,,,,,,,,,,,,,,,,,,,,,,,,,,,,,,,,,,,,,
20240726-50,Norms for acceptable collaterals and exposure of Clearing Corporations,Derivatives,Settlement/RMS,Post Trade,https://www.bseindia.com:6443/markets/MarketInfo/DispNewNoticesCirculars.aspx?page=20240726-50,,,,,,,,,,,,,,,,,,,,,,,,,,,,,,,,,,,,,,,,,,,,,,,,,,,,,,,,,,,
20240726-49,Part Redemption of Debentures of AYE FINANCE PVT. LTD. ,Debt,Corporate Actions,Listing Operations,https://www.bseindia.com:6443/markets/MarketInfo/DispNewNoticesCirculars.aspx?page=20240726-49,,,,,,,,,,,,,,,,,,,,,,,,,,,,,,,,,,,,,,,,,,,,,,,,,,,,,,,,,,,
20240726-48,Clarifications received from the companies,Equity,Company related,DOSS,https://www.bseindia.com:6443/markets/MarketInfo/DispNewNoticesCirculars.aspx?page=20240726-48,,,,,,,,,,,,,,,,,,,,,,,,,,,,,,,,,,,,,,,,,,,,,,,,,,,,,,,,,,,
20240726-47,Clarification received from the company on news article,Equity,Company related,DOSS,https://www.bseindia.com:6443/markets/MarketInfo/DispNewNoticesCirculars.aspx?page=20240726-47,,,,,,,,,,,,,,,,,,,,,,,,,,,,,,,,,,,,,,,,,,,,,,,,,,,,,,,,,,,
20240726-46,Activation of SMART Switch Feature under SBI INNOVATIVE OPPORTUNITIES FUND – NFO on BSE StAR MF platform,Mutual Fund,Trading,Trading Operations,https://www.bseindia.com:6443/markets/MarketInfo/DispNewNoticesCirculars.aspx?page=20240726-46,,,,,,,,,,,,,,,,,,,,,,,,,,,,,,,,,,,,,,,,,,,,,,,,,,,,,,,,,,,
20240726-45,Order in the matter of routing of funds to the Indian Securities market using overseas bank accounts with UBS AG.,General,Compliance,DOSS,https://www.bseindia.com:6443/markets/MarketInfo/DispNewNoticesCirculars.aspx?page=20240726-45,,,,,,,,,,,,,,,,,,,,,,,,,,,,,,,,,,,,,,,,,,,,,,,,,,,,,,,,,,,
20240726-44,Redemption Funds payout for Non-Demat Redemption Orders on BseStar MF ,Mutual Fund,Settlement/RMS,Post Trade,https://www.bseindia.com:6443/markets/MarketInfo/DispNewNoticesCirculars.aspx?page=20240726-44,,,,,,,,,,,,,,,,,,,,,,,,,,,,,,,,,,,,,,,,,,,,,,,,,,,,,,,,,,,
20240726-43,Launch of NFO with SIP facility of SBI Mutual Fund on BSE StAR MF Platform,Mutual Fund,Trading,Trading Operations,https://www.bseindia.com:6443/markets/MarketInfo/DispNewNoticesCirculars.aspx?page=20240726-43,,,,,,,,,,,,,,,,,,,,,,,,,,,,,,,,,,,,,,,,,,,,,,,,,,,,,,,,,,,
20240726-42,Listing of new Commercial Paper of IndoStar Capital Finance Limited ,Debt,Company related,Listing Operations,https://www.bseindia.com:6443/markets/MarketInfo/DispNewNoticesCirculars.aspx?page=20240726-42,,,,,,,,,,,,,,,,,,,,,,,,,,,,,,,,,,,,,,,,,,,,,,,,,,,,,,,,,,,
20240726-41,Applicability of Short Term Additional Surveillance Measure (ST-ASM),Equity,Trading,DOSS,https://www.bseindia.com:6443/markets/MarketInfo/DispNewNoticesCirculars.aspx?page=20240726-41,,,,,,,,,,,,,,,,,,,,,,,,,,,,,,,,,,,,,,,,,,,,,,,,,,,,,,,,,,,
20240726-40,Discontinuation date of non-encryption channel in production   Update,General,Trading,Trading Operations,https://www.bseindia.com:6443/markets/MarketInfo/DispNewNoticesCirculars.aspx?page=20240726-40,,,,,,,,,,,,,,,,,,,,,,,,,,,,,,,,,,,,,,,,,,,,,,,,,,,,,,,,,,,
20240726-39,Resignation of Trading Member,General,Others,Membership Compliance,https://www.bseindia.com:6443/markets/MarketInfo/DispNewNoticesCirculars.aspx?page=20240726-39,,,,,,,,,,,,,,,,,,,,,,,,,,,,,,,,,,,,,,,,,,,,,,,,,,,,,,,,,,,
20240726-38,Availability of MIRAE ASSET NIFTY200 ALPHA 30 ETF FUND OF FUND for ongoing transactions on BSE StAR MF Platform,Mutual Fund,Trading,Trading Operations,https://www.bseindia.com:6443/markets/MarketInfo/DispNewNoticesCirculars.aspx?page=20240726-38,,,,,,,,,,,,,,,,,,,,,,,,,,,,,,,,,,,,,,,,,,,,,,,,,,,,,,,,,,,
20240726-37,Graded Surveillance Measure (GSM) - List of securities moving into their respective GSM Stages,Equity,Trading,DOSS,https://www.bseindia.com:6443/markets/MarketInfo/DispNewNoticesCirculars.aspx?page=20240726-37,,,,,,,,,,,,,,,,,,,,,,,,,,,,,,,,,,,,,,,,,,,,,,,,,,,,,,,,,,,
20240726-36,Enhanced Surveillance Measure (ESM),Equity,Trading,DOSS,https://www.bseindia.com:6443/markets/MarketInfo/DispNewNoticesCirculars.aspx?page=20240726-36,,,,,,,,,,,,,,,,,,,,,,,,,,,,,,,,,,,,,,,,,,,,,,,,,,,,,,,,,,,
20240726-35,CHANGES IN PRICE BAND,Equity,Trading,DOSS,https://www.bseindia.com:6443/markets/MarketInfo/DispNewNoticesCirculars.aspx?page=20240726-35,,,,,,,,,,,,,,,,,,,,,,,,,,,,,,,,,,,,,,,,,,,,,,,,,,,,,,,,,,,
20240726-34,Applicability of Additional Surveillance Measure,Equity,Trading,DOSS,https://www.bseindia.com:6443/markets/MarketInfo/DispNewNoticesCirculars.aspx?page=20240726-34,,,,,,,,,,,,,,,,,,,,,,,,,,,,,,,,,,,,,,,,,,,,,,,,,,,,,,,,,,,
20240726-33,Listing and Trading of Units of Cube Highways Trust pursuant to re-classification of sub-ordinate Units into Ordinary Units ,Equity,Company related,Listing Operations,https://www.bseindia.com:6443/markets/MarketInfo/DispNewNoticesCirculars.aspx?page=20240726-33,,,,,,,,,,,,,,,,,,,,,,,,,,,,,,,,,,,,,,,,,,,,,,,,,,,,,,,,,,,
20240726-32,Listing of further securities issued by the companies under ESOP/ESOS,Equity,Company related,Listing Operations,https://www.bseindia.com:6443/markets/MarketInfo/DispNewNoticesCirculars.aspx?page=20240726-32,,,,,,,,,,,,,,,,,,,,,,,,,,,,,,,,,,,,,,,,,,,,,,,,,,,,,,,,,,,
20240726-31,Applicable Haircut for Collateral (Securities) file,General,Settlement/RMS,Post Trade,https://www.bseindia.com:6443/markets/MarketInfo/DispNewNoticesCirculars.aspx?page=20240726-31,,,,,,,,,,,,,,,,,,,,,,,,,,,,,,,,,,,,,,,,,,,,,,,,,,,,,,,,,,,
20240726-30,Discontinuation date of non-encryption channel in production -  Update,General,Trading,Trading Operations,https://www.bseindia.com:6443/markets/MarketInfo/DispNewNoticesCirculars.aspx?page=20240726-30,,,,,,,,,,,,,,,,,,,,,,,,,,,,,,,,,,,,,,,,,,,,,,,,,,,,,,,,,,,
20240726-29,Availability of TATA NIFTY INDIA TOURISM INDEX FUND for ongoing transactions on BSE StAR MF Platform,Mutual Fund,Trading,Trading Operations,https://www.bseindia.com:6443/markets/MarketInfo/DispNewNoticesCirculars.aspx?page=20240726-29,,,,,,,,,,,,,,,,,,,,,,,,,,,,,,,,,,,,,,,,,,,,,,,,,,,,,,,,,,,
20240726-28,Listing of new Commercial Paper of E.I.D. Parry (India) Limited ,Debt,Company related,Listing Operations,https://www.bseindia.com:6443/markets/MarketInfo/DispNewNoticesCirculars.aspx?page=20240726-28,,,,,,,,,,,,,,,,,,,,,,,,,,,,,,,,,,,,,,,,,,,,,,,,,,,,,,,,,,,
20240726-27,Listing of new Commercial Paper of Redington Limited ,Debt,Company related,Listing Operations,https://www.bseindia.com:6443/markets/MarketInfo/DispNewNoticesCirculars.aspx?page=20240726-27,,,,,,,,,,,,,,,,,,,,,,,,,,,,,,,,,,,,,,,,,,,,,,,,,,,,,,,,,,,
20240726-26,Listing of new Commercial Paper of Birla Group Holdings Private Limited ,Debt,Company related,Listing Operations,https://www.bseindia.com:6443/markets/MarketInfo/DispNewNoticesCirculars.aspx?page=20240726-26,,,,,,,,,,,,,,,,,,,,,,,,,,,,,,,,,,,,,,,,,,,,,,,,,,,,,,,,,,,
20240726-25,Listing of new Commercial Paper of Navi Finserv Limited ,Debt,Company related,Listing Operations,https://www.bseindia.com:6443/markets/MarketInfo/DispNewNoticesCirculars.aspx?page=20240726-25,,,,,,,,,,,,,,,,,,,,,,,,,,,,,,,,,,,,,,,,,,,,,,,,,,,,,,,,,,,
20240726-24,Listing of new Commercial Paper of HDFC Securities Limited.,Debt,Company related,Listing Operations,https://www.bseindia.com:6443/markets/MarketInfo/DispNewNoticesCirculars.aspx?page=20240726-24,,,,,,,,,,,,,,,,,,,,,,,,,,,,,,,,,,,,,,,,,,,,,,,,,,,,,,,,,,,
20240726-23,Listing of new Commercial Paper of SBICAP Securities Limited.,Debt,Company related,Listing Operations,https://www.bseindia.com:6443/markets/MarketInfo/DispNewNoticesCirculars.aspx?page=20240726-23,,,,,,,,,,,,,,,,,,,,,,,,,,,,,,,,,,,,,,,,,,,,,,,,,,,,,,,,,,,
20240726-22,Listing of new Commercial Paper of CaratLane Trading Private Limited.,Debt,Company related,Listing Operations,https://www.bseindia.com:6443/markets/MarketInfo/DispNewNoticesCirculars.aspx?page=20240726-22,,,,,,,,,,,,,,,,,,,,,,,,,,,,,,,,,,,,,,,,,,,,,,,,,,,,,,,,,,,
20240726-21,Listing of new Commercial Paper of Bajaj Financial Securities Limited,Debt,Company related,Listing Operations,https://www.bseindia.com:6443/markets/MarketInfo/DispNewNoticesCirculars.aspx?page=20240726-21,,,,,,,,,,,,,,,,,,,,,,,,,,,,,,,,,,,,,,,,,,,,,,,,,,,,,,,,,,,
20240726-20,Listing of new Commercial Paper of Reliance Retail Ventures Limited.,Debt,Company related,Listing Operations,https://www.bseindia.com:6443/markets/MarketInfo/DispNewNoticesCirculars.aspx?page=20240726-20,,,,,,,,,,,,,,,,,,,,,,,,,,,,,,,,,,,,,,,,,,,,,,,,,,,,,,,,,,,
20240726-19,Listing of new debt securities of Shriram Finance Limited,Debt,Company related,Listing Operations,https://www.bseindia.com:6443/markets/MarketInfo/DispNewNoticesCirculars.aspx?page=20240726-19,,,,,,,,,,,,,,,,,,,,,,,,,,,,,,,,,,,,,,,,,,,,,,,,,,,,,,,,,,,
20240726-18,Listing of new Commercial Paper of Axis Securities Limited.,Debt,Company related,Listing Operations,https://www.bseindia.com:6443/markets/MarketInfo/DispNewNoticesCirculars.aspx?page=20240726-18,,,,,,,,,,,,,,,,,,,,,,,,,,,,,,,,,,,,,,,,,,,,,,,,,,,,,,,,,,,
20240726-17,Listing of new debt securities of WAGHOLI ESTATES PRIVATE LIMITED,Debt,Company related,Listing Operations,https://www.bseindia.com:6443/markets/MarketInfo/DispNewNoticesCirculars.aspx?page=20240726-17,,,,,,,,,,,,,,,,,,,,,,,,,,,,,,,,,,,,,,,,,,,,,,,,,,,,,,,,,,,
20240726-16,Listing of new debt securities of DELHI INTERNATIONAL AIRPORT LIMITED,Debt,Company related,Listing Operations,https://www.bseindia.com:6443/markets/MarketInfo/DispNewNoticesCirculars.aspx?page=20240726-16,,,,,,,,,,,,,,,,,,,,,,,,,,,,,,,,,,,,,,,,,,,,,,,,,,,,,,,,,,,
20240726-15,Listing of new Commercial Paper of Adani Enterprises Ltd.,Debt,Company related,Listing Operations,https://www.bseindia.com:6443/markets/MarketInfo/DispNewNoticesCirculars.aspx?page=20240726-15,,,,,,,,,,,,,,,,,,,,,,,,,,,,,,,,,,,,,,,,,,,,,,,,,,,,,,,,,,,
20240726-14,Listing of new Commercial Paper of ONGC Petro additions Limited.,Debt,Company related,Listing Operations,https://www.bseindia.com:6443/markets/MarketInfo/DispNewNoticesCirculars.aspx?page=20240726-14,,,,,,,,,,,,,,,,,,,,,,,,,,,,,,,,,,,,,,,,,,,,,,,,,,,,,,,,,,,
20240726-13,Opening of Offer for Sale for VICEROY HOTELS LTD - Live Activities Schedule,Equity,Trading,Trading Operations,https://www.bseindia.com:6443/markets/MarketInfo/DispNewNoticesCirculars.aspx?page=20240726-13,,,,,,,,,,,,,,,,,,,,,,,,,,,,,,,,,,,,,,,,,,,,,,,,,,,,,,,,,,,
20240726-12,Addition to the BSE IPO INDEX,Equity,Index,Index Cell,https://www.bseindia.com:6443/markets/MarketInfo/DispNewNoticesCirculars.aspx?page=20240726-12,,,,,,,,,,,,,,,,,,,,,,,,,,,,,,,,,,,,,,,,,,,,,,,,,,,,,,,,,,,
20240726-11,Listing of Securities Trimurthi Limited,Equity,Company related,Listing Operations,https://www.bseindia.com:6443/markets/MarketInfo/DispNewNoticesCirculars.aspx?page=20240726-11,,,,,,,,,,,,,,,,,,,,,,,,,,,,,,,,,,,,,,,,,,,,,,,,,,,,,,,,,,,
20240726-10,Launch of NFO with SIP facility of BAJAJ FINSERV Mutual Fund on BSE StAR MF Platform,Mutual Fund,Trading,Trading Operations,https://www.bseindia.com:6443/markets/MarketInfo/DispNewNoticesCirculars.aspx?page=20240726-10,,,,,,,,,,,,,,,,,,,,,,,,,,,,,,,,,,,,,,,,,,,,,,,,,,,,,,,,,,,
20240726-9,Opening of Offer to Buy – Acquisition Window (Takeover) of City Gold and Credit Capital Limited,Equity,Trading,Listing Operations,https://www.bseindia.com:6443/markets/MarketInfo/DispNewNoticesCirculars.aspx?page=20240726-9,,,,,,,,,,,,,,,,,,,,,,,,,,,,,,,,,,,,,,,,,,,,,,,,,,,,,,,,,,,
20240726-8,Opening of Offer for Sale for Viceroy Hotels Limited,Equity,Trading,Listing Operations,https://www.bseindia.com:6443/markets/MarketInfo/DispNewNoticesCirculars.aspx?page=20240726-8,,,,,,,,,,,,,,,,,,,,,,,,,,,,,,,,,,,,,,,,,,,,,,,,,,,,,,,,,,,
20240726-7,Activation of NIPPON INDIA MONTHLY INTERVAL FUND - SERIES II (Interval Fund) on BSE StAR MF Platform,Mutual Fund,Trading,Trading Operations,https://www.bseindia.com:6443/markets/MarketInfo/DispNewNoticesCirculars.aspx?page=20240726-7,,,,,,,,,,,,,,,,,,,,,,,,,,,,,,,,,,,,,,,,,,,,,,,,,,,,,,,,,,,
20240726-6,Revocation of Suspension in trading of equity shares of UFM Industries Ltd. (Scrip Code: 531610),Equity,Company related,Listing Compliance-Monitoring,https://www.bseindia.com:6443/markets/MarketInfo/DispNewNoticesCirculars.aspx?page=20240726-6,,,,,,,,,,,,,,,,,,,,,,,,,,,,,,,,,,,,,,,,,,,,,,,,,,,,,,,,,,,
20240726-5,Demat Auction -680,General,Settlement/RMS,Post Trade,https://www.bseindia.com:6443/markets/MarketInfo/DispNewNoticesCirculars.aspx?page=20240726-5,,,,,,,,,,,,,,,,,,,,,,,,,,,,,,,,,,,,,,,,,,,,,,,,,,,,,,,,,,,
20240726-4,Application for Resignation of Membership,General,Others,Membership Compliance,https://www.bseindia.com:6443/markets/MarketInfo/DispNewNoticesCirculars.aspx?page=20240726-4,,,,,,,,,,,,,,,,,,,,,,,,,,,,,,,,,,,,,,,,,,,,,,,,,,,,,,,,,,,
20240726-3,Listing of new debt securities of Aye Finance Pvt. Ltd.,Debt,Company related,Listing Operations,https://www.bseindia.com:6443/markets/MarketInfo/DispNewNoticesCirculars.aspx?page=20240726-3,,,,,,,,,,,,,,,,,,,,,,,,,,,,,,,,,,,,,,,,,,,,,,,,,,,,,,,,,,,
20240726-2,Update Regarding debt securities of Macrotech Developers Ltd,Debt,Company related,Listing Operations,https://www.bseindia.com:6443/markets/MarketInfo/DispNewNoticesCirculars.aspx?page=20240726-2,,,,,,,,,,,,,,,,,,,,,,,,,,,,,,,,,,,,,,,,,,,,,,,,,,,,,,,,,,,
20240726-1,Update Regarding debt securities of Macrotech Developers Ltd	,Debt,Company related,Listing Operations,https://www.bseindia.com:6443/markets/MarketInfo/DispNewNoticesCirculars.aspx?page=20240726-1,,,,,,,,,,,,,,,,,,,,,,,,,,,,,,,,,,,,,,,,,,,,,,,,,,,,,,,,,,,
20240725-52,Daily Bulletin,General,Company related,Listing Operations,https://www.bseindia.com:6443/markets/MarketInfo/DispNewNoticesCirculars.aspx?page=20240725-52,,,,,,,,,,,,,,,,,,,,,,,,,,,,,,,,,,,,,,,,,,,,,,,,,,,,,,,,,,,
20240725-51,Part Redemption of Debentures of VISTAAR FINANCIAL SERVICES PVT LTD,Debt,Corporate Actions,Listing Operations,https://www.bseindia.com:6443/markets/MarketInfo/DispNewNoticesCirculars.aspx?page=20240725-51,,,,,,,,,,,,,,,,,,,,,,,,,,,,,,,,,,,,,,,,,,,,,,,,,,,,,,,,,,,
20240725-50,Part Redemption of Debentures of INCRED FINANCIAL SERVICES LIMITED,Debt,Corporate Actions,Listing Operations,https://www.bseindia.com:6443/markets/MarketInfo/DispNewNoticesCirculars.aspx?page=20240725-50,,,,,,,,,,,,,,,,,,,,,,,,,,,,,,,,,,,,,,,,,,,,,,,,,,,,,,,,,,,
20240725-49,Suspension of Trading in Debentures of 360 ONE Prime Limited,Debt,Corporate Actions,Listing Operations,https://www.bseindia.com:6443/markets/MarketInfo/DispNewNoticesCirculars.aspx?page=20240725-49,,,,,,,,,,,,,,,,,,,,,,,,,,,,,,,,,,,,,,,,,,,,,,,,,,,,,,,,,,,
20240725-48,Listing of Equity Shares of SANSTAR LIMITED,Equity,Company related,Listing Operations,https://www.bseindia.com:6443/markets/MarketInfo/DispNewNoticesCirculars.aspx?page=20240725-48,,,,,,,,,,,,,,,,,,,,,,,,,,,,,,,,,,,,,,,,,,,,,,,,,,,,,,,,,,,
20240725-47,Adjustment of Futures and Options contract of Tata Consumer Products Ltd on account of Rights issue,Derivatives,Corporate Actions,Trading Operations,https://www.bseindia.com:6443/markets/MarketInfo/DispNewNoticesCirculars.aspx?page=20240725-47,,,,,,,,,,,,,,,,,,,,,,,,,,,,,,,,,,,,,,,,,,,,,,,,,,,,,,,,,,,
20240725-46,Part Redemption of Debentures of NEOGROWTH CREDIT PRIVATE LIMITED,Debt,Corporate Actions,Listing Operations,https://www.bseindia.com:6443/markets/MarketInfo/DispNewNoticesCirculars.aspx?page=20240725-46,,,,,,,,,,,,,,,,,,,,,,,,,,,,,,,,,,,,,,,,,,,,,,,,,,,,,,,,,,,
20240725-45,Listing of new securities of  JTL Industries Ltd,Equity,Company related,Listing Operations,https://www.bseindia.com:6443/markets/MarketInfo/DispNewNoticesCirculars.aspx?page=20240725-45,,,,,,,,,,,,,,,,,,,,,,,,,,,,,,,,,,,,,,,,,,,,,,,,,,,,,,,,,,,
20240725-44,Part Redemption of Debentures of AYE FINANCE PVT. LTD. ,Debt,Corporate Actions,Listing Operations,https://www.bseindia.com:6443/markets/MarketInfo/DispNewNoticesCirculars.aspx?page=20240725-44,,,,,,,,,,,,,,,,,,,,,,,,,,,,,,,,,,,,,,,,,,,,,,,,,,,,,,,,,,,
20240725-43,Part Redemption of Debentures of SPANDANA SPHOORTY FINANCIAL LIMITED,Debt,Corporate Actions,Listing Operations,https://www.bseindia.com:6443/markets/MarketInfo/DispNewNoticesCirculars.aspx?page=20240725-43,,,,,,,,,,,,,,,,,,,,,,,,,,,,,,,,,,,,,,,,,,,,,,,,,,,,,,,,,,,
20240725-42,Clarifications received from the companies,Equity,Company related,DOSS,https://www.bseindia.com:6443/markets/MarketInfo/DispNewNoticesCirculars.aspx?page=20240725-42,,,,,,,,,,,,,,,,,,,,,,,,,,,,,,,,,,,,,,,,,,,,,,,,,,,,,,,,,,,
20240725-41,Listing of Securities Gujarat Toolroom Ltd,Equity,Company related,Listing Operations,https://www.bseindia.com:6443/markets/MarketInfo/DispNewNoticesCirculars.aspx?page=20240725-41,,,,,,,,,,,,,,,,,,,,,,,,,,,,,,,,,,,,,,,,,,,,,,,,,,,,,,,,,,,
20240725-40,Listing of further securities issued by the companies under ESOP/ESOS,Equity,Company related,Listing Operations,https://www.bseindia.com:6443/markets/MarketInfo/DispNewNoticesCirculars.aspx?page=20240725-40,,,,,,,,,,,,,,,,,,,,,,,,,,,,,,,,,,,,,,,,,,,,,,,,,,,,,,,,,,,
20240725-39,Listing of Bonus equity shares of Filtra Consultants and Engineers Limited,Equity,Company related,Listing Operations,https://www.bseindia.com:6443/markets/MarketInfo/DispNewNoticesCirculars.aspx?page=20240725-39,,,,,,,,,,,,,,,,,,,,,,,,,,,,,,,,,,,,,,,,,,,,,,,,,,,,,,,,,,,
20240725-38,Listing of new securities of Yogi Limited,Equity,Company related,Listing Operations,https://www.bseindia.com:6443/markets/MarketInfo/DispNewNoticesCirculars.aspx?page=20240725-38,,,,,,,,,,,,,,,,,,,,,,,,,,,,,,,,,,,,,,,,,,,,,,,,,,,,,,,,,,,
20240725-37,Listing of New Securities of Khadim India Limited,Equity,Company related,Listing Operations,https://www.bseindia.com:6443/markets/MarketInfo/DispNewNoticesCirculars.aspx?page=20240725-37,,,,,,,,,,,,,,,,,,,,,,,,,,,,,,,,,,,,,,,,,,,,,,,,,,,,,,,,,,,
20240725-36,Applicability of Additional Surveillance Measure,Equity,Trading,DOSS,https://www.bseindia.com:6443/markets/MarketInfo/DispNewNoticesCirculars.aspx?page=20240725-36,,,,,,,,,,,,,,,,,,,,,,,,,,,,,,,,,,,,,,,,,,,,,,,,,,,,,,,,,,,
20240725-35,Applicability of Short Term Additional Surveillance Measure (ST-ASM),Equity,Trading,DOSS,https://www.bseindia.com:6443/markets/MarketInfo/DispNewNoticesCirculars.aspx?page=20240725-35,,,,,,,,,,,,,,,,,,,,,,,,,,,,,,,,,,,,,,,,,,,,,,,,,,,,,,,,,,,
20240725-34,Graded Surveillance Measure (GSM) - List of securities moving into their respective GSM Stages,Equity,Trading,DOSS,https://www.bseindia.com:6443/markets/MarketInfo/DispNewNoticesCirculars.aspx?page=20240725-34,,,,,,,,,,,,,,,,,,,,,,,,,,,,,,,,,,,,,,,,,,,,,,,,,,,,,,,,,,,
20240725-33,Enhanced Surveillance Measure (ESM),Equity,Trading,DOSS,https://www.bseindia.com:6443/markets/MarketInfo/DispNewNoticesCirculars.aspx?page=20240725-33,,,,,,,,,,,,,,,,,,,,,,,,,,,,,,,,,,,,,,,,,,,,,,,,,,,,,,,,,,,
20240725-32,CHANGES IN PRICE BAND,Equity,Trading,DOSS,https://www.bseindia.com:6443/markets/MarketInfo/DispNewNoticesCirculars.aspx?page=20240725-32,,,,,,,,,,,,,,,,,,,,,,,,,,,,,,,,,,,,,,,,,,,,,,,,,,,,,,,,,,,
20240725-31,Order in the matter of Unregistered Investment Advisory Services by Equity Mantra (Proprietor: Mr. Naresh Pal),General,Compliance,DOSS,https://www.bseindia.com:6443/markets/MarketInfo/DispNewNoticesCirculars.aspx?page=20240725-31,,,,,,,,,,,,,,,,,,,,,,,,,,,,,,,,,,,,,,,,,,,,,,,,,,,,,,,,,,,
20240725-30,Listing of New Bonus equity shares of M.M.Forgings Ltd.,Equity,Company related,Listing Operations,https://www.bseindia.com:6443/markets/MarketInfo/DispNewNoticesCirculars.aspx?page=20240725-30,,,,,,,,,,,,,,,,,,,,,,,,,,,,,,,,,,,,,,,,,,,,,,,,,,,,,,,,,,,
20240725-29,Discontinuation of Trading and Delisting of Debentures of Origo Commodities India Private Limited (Scrip Code: 973939 974194 and 974195),Debt,Company related,Listing Operations,https://www.bseindia.com:6443/markets/MarketInfo/DispNewNoticesCirculars.aspx?page=20240725-29,,,,,,,,,,,,,,,,,,,,,,,,,,,,,,,,,,,,,,,,,,,,,,,,,,,,,,,,,,,
20240725-28,Listing of new Commercial Paper of Kotak Securities Limited ,Debt,Company related,Listing Operations,https://www.bseindia.com:6443/markets/MarketInfo/DispNewNoticesCirculars.aspx?page=20240725-28,,,,,,,,,,,,,,,,,,,,,,,,,,,,,,,,,,,,,,,,,,,,,,,,,,,,,,,,,,,
20240725-27,Listing of new Commercial Paper of NeoGrowth Credit Private Limited,Debt,Company related,Listing Operations,https://www.bseindia.com:6443/markets/MarketInfo/DispNewNoticesCirculars.aspx?page=20240725-27,,,,,,,,,,,,,,,,,,,,,,,,,,,,,,,,,,,,,,,,,,,,,,,,,,,,,,,,,,,
20240725-26,Listing of new Commercial Paper of HDFC Securities Limited ,Debt,Company related,Listing Operations,https://www.bseindia.com:6443/markets/MarketInfo/DispNewNoticesCirculars.aspx?page=20240725-26,,,,,,,,,,,,,,,,,,,,,,,,,,,,,,,,,,,,,,,,,,,,,,,,,,,,,,,,,,,
20240725-25,Listing of New Securities of IDFC FIRST BANK LIMITED,Equity,Company related,Listing Operations,https://www.bseindia.com:6443/markets/MarketInfo/DispNewNoticesCirculars.aspx?page=20240725-25,,,,,,,,,,,,,,,,,,,,,,,,,,,,,,,,,,,,,,,,,,,,,,,,,,,,,,,,,,,
20240725-24,Listing of New Securities of Dynamic Cables Limited,Equity,Company related,Listing Operations,https://www.bseindia.com:6443/markets/MarketInfo/DispNewNoticesCirculars.aspx?page=20240725-24,,,,,,,,,,,,,,,,,,,,,,,,,,,,,,,,,,,,,,,,,,,,,,,,,,,,,,,,,,,
20240725-23,Listing of new debt securities of ICL Fincorp Limited,Debt,Company related,Listing Operations,https://www.bseindia.com:6443/markets/MarketInfo/DispNewNoticesCirculars.aspx?page=20240725-23,,,,,,,,,,,,,,,,,,,,,,,,,,,,,,,,,,,,,,,,,,,,,,,,,,,,,,,,,,,
20240725-22,Listing of new debt securities of Axis Finance Limited,Debt,Company related,Listing Operations,https://www.bseindia.com:6443/markets/MarketInfo/DispNewNoticesCirculars.aspx?page=20240725-22,,,,,,,,,,,,,,,,,,,,,,,,,,,,,,,,,,,,,,,,,,,,,,,,,,,,,,,,,,,
20240725-21,Listing of new debt securities of Krazybee Services Private Limited,Debt,Company related,Listing Operations,https://www.bseindia.com:6443/markets/MarketInfo/DispNewNoticesCirculars.aspx?page=20240725-21,,,,,,,,,,,,,,,,,,,,,,,,,,,,,,,,,,,,,,,,,,,,,,,,,,,,,,,,,,,
20240725-20,Listing of new Commercial Paper of Bajaj Financial Securities Limited ,Debt,Company related,Listing Operations,https://www.bseindia.com:6443/markets/MarketInfo/DispNewNoticesCirculars.aspx?page=20240725-20,,,,,,,,,,,,,,,,,,,,,,,,,,,,,,,,,,,,,,,,,,,,,,,,,,,,,,,,,,,
20240725-19,Listing of new Commercial Paper of Navi Finserv Limited,Debt,Company related,Listing Operations,https://www.bseindia.com:6443/markets/MarketInfo/DispNewNoticesCirculars.aspx?page=20240725-19,,,,,,,,,,,,,,,,,,,,,,,,,,,,,,,,,,,,,,,,,,,,,,,,,,,,,,,,,,,
20240725-18,Listing of new Commercial Paper of Adani Enterprises Ltd,Debt,Company related,Listing Operations,https://www.bseindia.com:6443/markets/MarketInfo/DispNewNoticesCirculars.aspx?page=20240725-18,,,,,,,,,,,,,,,,,,,,,,,,,,,,,,,,,,,,,,,,,,,,,,,,,,,,,,,,,,,
20240725-17,Listing of new Commercial Paper of IGH Holdings Private Limited ,Debt,Company related,Listing Operations,https://www.bseindia.com:6443/markets/MarketInfo/DispNewNoticesCirculars.aspx?page=20240725-17,,,,,,,,,,,,,,,,,,,,,,,,,,,,,,,,,,,,,,,,,,,,,,,,,,,,,,,,,,,
20240725-16,Listing of new Commercial Paper of Axis Securities Limited ,Debt,Company related,Listing Operations,https://www.bseindia.com:6443/markets/MarketInfo/DispNewNoticesCirculars.aspx?page=20240725-16,,,,,,,,,,,,,,,,,,,,,,,,,,,,,,,,,,,,,,,,,,,,,,,,,,,,,,,,,,,
20240725-15,Listing of new Commercial Paper of Reliance Retail Ventures Limited ,Debt,Company related,Listing Operations,https://www.bseindia.com:6443/markets/MarketInfo/DispNewNoticesCirculars.aspx?page=20240725-15,,,,,,,,,,,,,,,,,,,,,,,,,,,,,,,,,,,,,,,,,,,,,,,,,,,,,,,,,,,
20240725-14,Listing of new Commercial Paper of NLC Tamilnadu Power Limited ,Debt,Company related,Listing Operations,https://www.bseindia.com:6443/markets/MarketInfo/DispNewNoticesCirculars.aspx?page=20240725-14,,,,,,,,,,,,,,,,,,,,,,,,,,,,,,,,,,,,,,,,,,,,,,,,,,,,,,,,,,,
20240725-13,Listing of new debt securities of INDIABULLS HOUSING FINANCE LIMITED,Debt,Company related,Listing Operations,https://www.bseindia.com:6443/markets/MarketInfo/DispNewNoticesCirculars.aspx?page=20240725-13,,,,,,,,,,,,,,,,,,,,,,,,,,,,,,,,,,,,,,,,,,,,,,,,,,,,,,,,,,,
20240725-12,Listing of new debt securities of Bajaj Housing Finance Limited,Debt,Company related,Listing Operations,https://www.bseindia.com:6443/markets/MarketInfo/DispNewNoticesCirculars.aspx?page=20240725-12,,,,,,,,,,,,,,,,,,,,,,,,,,,,,,,,,,,,,,,,,,,,,,,,,,,,,,,,,,,
20240725-11,Listing of new Treasury Bills (T-Bills),Debt,Others,Listing Operations,https://www.bseindia.com:6443/markets/MarketInfo/DispNewNoticesCirculars.aspx?page=20240725-11,,,,,,,,,,,,,,,,,,,,,,,,,,,,,,,,,,,,,,,,,,,,,,,,,,,,,,,,,,,
20240725-10,Additional Exposure Margin on Securities under MWPL – August 2024,Derivatives,Settlement/RMS,Post Trade,https://www.bseindia.com:6443/markets/MarketInfo/DispNewNoticesCirculars.aspx?page=20240725-10,,,,,,,,,,,,,,,,,,,,,,,,,,,,,,,,,,,,,,,,,,,,,,,,,,,,,,,,,,,
20240725-9,Commencement of business by Trading Member Neha Forex Pvt. Ltd. (Member Code: 6585) in Cash segment,General,Others,Membership Compliance,https://www.bseindia.com:6443/markets/MarketInfo/DispNewNoticesCirculars.aspx?page=20240725-9,,,,,,,,,,,,,,,,,,,,,,,,,,,,,,,,,,,,,,,,,,,,,,,,,,,,,,,,,,,
20240725-8,Listing of Equity Shares of SANSTAR LIMITED,Equity,Company related,Listing Operations,https://www.bseindia.com:6443/markets/MarketInfo/DispNewNoticesCirculars.aspx?page=20240725-8,,,,,,,,,,,,,,,,,,,,,,,,,,,,,,,,,,,,,,,,,,,,,,,,,,,,,,,,,,,
20240725-7,Listing of new debt securities of Indian Renewable Energy Development Agency Limited,Debt,Company related,Listing Operations,https://www.bseindia.com:6443/markets/MarketInfo/DispNewNoticesCirculars.aspx?page=20240725-7,,,,,,,,,,,,,,,,,,,,,,,,,,,,,,,,,,,,,,,,,,,,,,,,,,,,,,,,,,,
20240725-6,Suspension of Trading in Bonds  of GMR Airports Limited,Debt,Corporate Actions,Listing Operations,https://www.bseindia.com:6443/markets/MarketInfo/DispNewNoticesCirculars.aspx?page=20240725-6,,,,,,,,,,,,,,,,,,,,,,,,,,,,,,,,,,,,,,,,,,,,,,,,,,,,,,,,,,,
20240725-5,Part Redemption of Debentures of NAMRA FINANCE LIMITED,Debt,Corporate Actions,Listing Operations,https://www.bseindia.com:6443/markets/MarketInfo/DispNewNoticesCirculars.aspx?page=20240725-5,,,,,,,,,,,,,,,,,,,,,,,,,,,,,,,,,,,,,,,,,,,,,,,,,,,,,,,,,,,
20240725-4,Part Redemption of Debentures of POWER GRID CORPORATION OF INDIA LIMITED,Debt,Corporate Actions,Listing Operations,https://www.bseindia.com:6443/markets/MarketInfo/DispNewNoticesCirculars.aspx?page=20240725-4,,,,,,,,,,,,,,,,,,,,,,,,,,,,,,,,,,,,,,,,,,,,,,,,,,,,,,,,,,,
20240725-3,Suspension of Trading in Debt securities ,Debt,Corporate Actions,Listing Operations,https://www.bseindia.com:6443/markets/MarketInfo/DispNewNoticesCirculars.aspx?page=20240725-3,,,,,,,,,,,,,,,,,,,,,,,,,,,,,,,,,,,,,,,,,,,,,,,,,,,,,,,,,,,
20240725-2,Part Redemption of PTCs of Retail Securitisation Opportunities Trust,Debt,Corporate Actions,Listing Operations,https://www.bseindia.com:6443/markets/MarketInfo/DispNewNoticesCirculars.aspx?page=20240725-2,,,,,,,,,,,,,,,,,,,,,,,,,,,,,,,,,,,,,,,,,,,,,,,,,,,,,,,,,,,
20240725-1,Demat Auction - 679,General,Settlement/RMS,Post Trade,https://www.bseindia.com:6443/markets/MarketInfo/DispNewNoticesCirculars.aspx?page=20240725-1,,,,,,,,,,,,,,,,,,,,,,,,,,,,,,,,,,,,,,,,,,,,,,,,,,,,,,,,,,,
20240724-58,Enlistment of entities as Research Analyst and Investment Adviser ,IA/RA,Others,Membership Compliance,https://www.bseindia.com:6443/markets/MarketInfo/DispNewNoticesCirculars.aspx?page=20240724-58,,,,,,,,,,,,,,,,,,,,,,,,,,,,,,,,,,,,,,,,,,,,,,,,,,,,,,,,,,,
20240724-57,Daily Bulletin,General,Company related,Listing Operations,https://www.bseindia.com:6443/markets/MarketInfo/DispNewNoticesCirculars.aspx?page=20240724-57,,,,,,,,,,,,,,,,,,,,,,,,,,,,,,,,,,,,,,,,,,,,,,,,,,,,,,,,,,,
20240724-56,Tender Offer (Buyback) of Equity Shares of AUROBINDO PHARMA LTD.,Equity,Corporate Actions,Listing Operations,https://www.bseindia.com:6443/markets/MarketInfo/DispNewNoticesCirculars.aspx?page=20240724-56,,,,,,,,,,,,,,,,,,,,,,,,,,,,,,,,,,,,,,,,,,,,,,,,,,,,,,,,,,,
20240724-55,Part Redemption of Debentures of MANBA FINANCE LIMITED,Debt,Corporate Actions,Listing Operations,https://www.bseindia.com:6443/markets/MarketInfo/DispNewNoticesCirculars.aspx?page=20240724-55,,,,,,,,,,,,,,,,,,,,,,,,,,,,,,,,,,,,,,,,,,,,,,,,,,,,,,,,,,,
20240724-54,Part Redemption of Debentures of IOT UTKAL ENERGY SERVICES LIMITED,Debt,Corporate Actions,Listing Operations,https://www.bseindia.com:6443/markets/MarketInfo/DispNewNoticesCirculars.aspx?page=20240724-54,,,,,,,,,,,,,,,,,,,,,,,,,,,,,,,,,,,,,,,,,,,,,,,,,,,,,,,,,,,
20240724-53,Suspension of Trading in Commercial Paper,Debt,Corporate Actions,Listing Operations,https://www.bseindia.com:6443/markets/MarketInfo/DispNewNoticesCirculars.aspx?page=20240724-53,,,,,,,,,,,,,,,,,,,,,,,,,,,,,,,,,,,,,,,,,,,,,,,,,,,,,,,,,,,
20240724-52,Order in the matter of Prakash Constrowell Limited.,General,Compliance,DOSS,https://www.bseindia.com:6443/markets/MarketInfo/DispNewNoticesCirculars.aspx?page=20240724-52,,,,,,,,,,,,,,,,,,,,,,,,,,,,,,,,,,,,,,,,,,,,,,,,,,,,,,,,,,,
20240724-51,Suspension of Trading in Debentures of VIVRITI CAPITAL LIMITED,Debt,Corporate Actions,Listing Operations,https://www.bseindia.com:6443/markets/MarketInfo/DispNewNoticesCirculars.aspx?page=20240724-51,,,,,,,,,,,,,,,,,,,,,,,,,,,,,,,,,,,,,,,,,,,,,,,,,,,,,,,,,,,
20240724-50,Adjustment of Futures and Options Contract of Tata Consumer Products Ltd. on account of Rights Issue,Derivatives,Corporate Actions,Trading Operations,https://www.bseindia.com:6443/markets/MarketInfo/DispNewNoticesCirculars.aspx?page=20240724-50,,,,,,,,,,,,,,,,,,,,,,,,,,,,,,,,,,,,,,,,,,,,,,,,,,,,,,,,,,,
20240724-49,Listing of Bonus equity shares of Clara Industries Limited,Equity,Company related,Listing Operations,https://www.bseindia.com:6443/markets/MarketInfo/DispNewNoticesCirculars.aspx?page=20240724-49,,,,,,,,,,,,,,,,,,,,,,,,,,,,,,,,,,,,,,,,,,,,,,,,,,,,,,,,,,,
20240724-48,Listing of new securities of KBC Global Ltd,Equity,Company related,Listing Operations,https://www.bseindia.com:6443/markets/MarketInfo/DispNewNoticesCirculars.aspx?page=20240724-48,,,,,,,,,,,,,,,,,,,,,,,,,,,,,,,,,,,,,,,,,,,,,,,,,,,,,,,,,,,
20240724-47,CHANGES IN PRICE BAND,Equity,Trading,DOSS,https://www.bseindia.com:6443/markets/MarketInfo/DispNewNoticesCirculars.aspx?page=20240724-47,,,,,,,,,,,,,,,,,,,,,,,,,,,,,,,,,,,,,,,,,,,,,,,,,,,,,,,,,,,
20240724-46,Applicability of Additional Surveillance Measure,Equity,Trading,DOSS,https://www.bseindia.com:6443/markets/MarketInfo/DispNewNoticesCirculars.aspx?page=20240724-46,,,,,,,,,,,,,,,,,,,,,,,,,,,,,,,,,,,,,,,,,,,,,,,,,,,,,,,,,,,
20240724-45,Applicability of Short Term Additional Surveillance Measure (ST-ASM),Equity,Trading,DOSS,https://www.bseindia.com:6443/markets/MarketInfo/DispNewNoticesCirculars.aspx?page=20240724-45,,,,,,,,,,,,,,,,,,,,,,,,,,,,,,,,,,,,,,,,,,,,,,,,,,,,,,,,,,,
20240724-44,Surveillance Measure for securities under IBC,Equity,Trading,DOSS,https://www.bseindia.com:6443/markets/MarketInfo/DispNewNoticesCirculars.aspx?page=20240724-44,,,,,,,,,,,,,,,,,,,,,,,,,,,,,,,,,,,,,,,,,,,,,,,,,,,,,,,,,,,
20240724-43,Enhanced Surveillance Measure (ESM),Equity,Trading,DOSS,https://www.bseindia.com:6443/markets/MarketInfo/DispNewNoticesCirculars.aspx?page=20240724-43,,,,,,,,,,,,,,,,,,,,,,,,,,,,,,,,,,,,,,,,,,,,,,,,,,,,,,,,,,,
20240724-42,Graded Surveillance Measure (GSM) - List of securities moving into their respective GSM Stages,Equity,Trading,DOSS,https://www.bseindia.com:6443/markets/MarketInfo/DispNewNoticesCirculars.aspx?page=20240724-42,,,,,,,,,,,,,,,,,,,,,,,,,,,,,,,,,,,,,,,,,,,,,,,,,,,,,,,,,,,
20240724-41,Clarifications received from the companies,Equity,Company related,DOSS,https://www.bseindia.com:6443/markets/MarketInfo/DispNewNoticesCirculars.aspx?page=20240724-41,,,,,,,,,,,,,,,,,,,,,,,,,,,,,,,,,,,,,,,,,,,,,,,,,,,,,,,,,,,
20240724-40,Availability of ICICI PRUDENTIAL ENERGY OPPORTUNITIES FUND for ongoing transactions on BSE StAR MF Platform,Mutual Fund,Trading,Trading Operations,https://www.bseindia.com:6443/markets/MarketInfo/DispNewNoticesCirculars.aspx?page=20240724-40,,,,,,,,,,,,,,,,,,,,,,,,,,,,,,,,,,,,,,,,,,,,,,,,,,,,,,,,,,,
20240724-39,Listing of new securities of Last Mile Enterprises Limited,Equity,Company related,Listing Operations,https://www.bseindia.com:6443/markets/MarketInfo/DispNewNoticesCirculars.aspx?page=20240724-39,,,,,,,,,,,,,,,,,,,,,,,,,,,,,,,,,,,,,,,,,,,,,,,,,,,,,,,,,,,
20240724-38,Listing of further securities issued by the companies under ESOP/ESOS,Equity,Company related,Listing Operations,https://www.bseindia.com:6443/markets/MarketInfo/DispNewNoticesCirculars.aspx?page=20240724-38,,,,,,,,,,,,,,,,,,,,,,,,,,,,,,,,,,,,,,,,,,,,,,,,,,,,,,,,,,,
20240724-37,Listing of New Securities of SPECTRUM FOODS LTD,Equity,Company related,Listing Operations,https://www.bseindia.com:6443/markets/MarketInfo/DispNewNoticesCirculars.aspx?page=20240724-37,,,,,,,,,,,,,,,,,,,,,,,,,,,,,,,,,,,,,,,,,,,,,,,,,,,,,,,,,,,
20240724-36,Launch of NFO with SIP facility of INVESCO Mutual Fund on BSE StAR MF Platform,Mutual Fund,Trading,Trading Operations,https://www.bseindia.com:6443/markets/MarketInfo/DispNewNoticesCirculars.aspx?page=20240724-36,,,,,,,,,,,,,,,,,,,,,,,,,,,,,,,,,,,,,,,,,,,,,,,,,,,,,,,,,,,
20240724-35,Rights Entitlements of INDOWIND ENERGY LIMITED,Equity,Company related,Listing Operations,https://www.bseindia.com:6443/markets/MarketInfo/DispNewNoticesCirculars.aspx?page=20240724-35,,,,,,,,,,,,,,,,,,,,,,,,,,,,,,,,,,,,,,,,,,,,,,,,,,,,,,,,,,,
20240724-34,Listing of New Securities of Dev Labtech Venture Limited,Equity,Company related,Listing Operations,https://www.bseindia.com:6443/markets/MarketInfo/DispNewNoticesCirculars.aspx?page=20240724-34,,,,,,,,,,,,,,,,,,,,,,,,,,,,,,,,,,,,,,,,,,,,,,,,,,,,,,,,,,,
20240724-33,Listing of Bonus equity shares of Alliance Integrated Metaliks Limited,Equity,Company related,Listing Operations,https://www.bseindia.com:6443/markets/MarketInfo/DispNewNoticesCirculars.aspx?page=20240724-33,,,,,,,,,,,,,,,,,,,,,,,,,,,,,,,,,,,,,,,,,,,,,,,,,,,,,,,,,,,
20240724-32,Listing of new Commercial Paper of SBICAP Securities Limited ,Debt,Company related,Listing Operations,https://www.bseindia.com:6443/markets/MarketInfo/DispNewNoticesCirculars.aspx?page=20240724-32,,,,,,,,,,,,,,,,,,,,,,,,,,,,,,,,,,,,,,,,,,,,,,,,,,,,,,,,,,,
20240724-31,Listing of new Commercial Paper of Bajaj Financial Securities Limited,Debt,Company related,Listing Operations,https://www.bseindia.com:6443/markets/MarketInfo/DispNewNoticesCirculars.aspx?page=20240724-31,,,,,,,,,,,,,,,,,,,,,,,,,,,,,,,,,,,,,,,,,,,,,,,,,,,,,,,,,,,
20240724-30,Listing of new Commercial Paper of Kotak Securities Limited ,Debt,Company related,Listing Operations,https://www.bseindia.com:6443/markets/MarketInfo/DispNewNoticesCirculars.aspx?page=20240724-30,,,,,,,,,,,,,,,,,,,,,,,,,,,,,,,,,,,,,,,,,,,,,,,,,,,,,,,,,,,
20240724-29,Listing of new Commercial Paper of Muthoot Capital Services Ltd,Debt,Company related,Listing Operations,https://www.bseindia.com:6443/markets/MarketInfo/DispNewNoticesCirculars.aspx?page=20240724-29,,,,,,,,,,,,,,,,,,,,,,,,,,,,,,,,,,,,,,,,,,,,,,,,,,,,,,,,,,,
20240724-28,Listing of new Commercial Paper of Fedbank Financial Services Limited.,Debt,Company related,Listing Operations,https://www.bseindia.com:6443/markets/MarketInfo/DispNewNoticesCirculars.aspx?page=20240724-28,,,,,,,,,,,,,,,,,,,,,,,,,,,,,,,,,,,,,,,,,,,,,,,,,,,,,,,,,,,
20240724-27,Listing of new Commercial Paper of HDFC Securities Limited ,Debt,Company related,Listing Operations,https://www.bseindia.com:6443/markets/MarketInfo/DispNewNoticesCirculars.aspx?page=20240724-27,,,,,,,,,,,,,,,,,,,,,,,,,,,,,,,,,,,,,,,,,,,,,,,,,,,,,,,,,,,
20240724-26,Listing of new Commercial Paper of Bajaj Finance Limited,Debt,Company related,Listing Operations,https://www.bseindia.com:6443/markets/MarketInfo/DispNewNoticesCirculars.aspx?page=20240724-26,,,,,,,,,,,,,,,,,,,,,,,,,,,,,,,,,,,,,,,,,,,,,,,,,,,,,,,,,,,
20240724-25,Listing of new Commercial Paper of IndoStar Capital Finance Limited,Debt,Company related,Listing Operations,https://www.bseindia.com:6443/markets/MarketInfo/DispNewNoticesCirculars.aspx?page=20240724-25,,,,,,,,,,,,,,,,,,,,,,,,,,,,,,,,,,,,,,,,,,,,,,,,,,,,,,,,,,,
20240724-24,Listing of new Commercial Paper of Arka Fincap Limited,Debt,Company related,Listing Operations,https://www.bseindia.com:6443/markets/MarketInfo/DispNewNoticesCirculars.aspx?page=20240724-24,,,,,,,,,,,,,,,,,,,,,,,,,,,,,,,,,,,,,,,,,,,,,,,,,,,,,,,,,,,
20240724-23,Launch of NFO with SIP facility of KOTAK Mutual Fund on BSE StAR MF Platform,Mutual Fund,Trading,Trading Operations,https://www.bseindia.com:6443/markets/MarketInfo/DispNewNoticesCirculars.aspx?page=20240724-23,,,,,,,,,,,,,,,,,,,,,,,,,,,,,,,,,,,,,,,,,,,,,,,,,,,,,,,,,,,
20240724-22,Listing of new debt securities of HDB FINANCIAL SERVICES LIMITED,Debt,Company related,Listing Operations,https://www.bseindia.com:6443/markets/MarketInfo/DispNewNoticesCirculars.aspx?page=20240724-22,,,,,,,,,,,,,,,,,,,,,,,,,,,,,,,,,,,,,,,,,,,,,,,,,,,,,,,,,,,
20240724-21,Listing of new debt securities of Nuvama Wealth Finance Limited,Debt,Company related,Listing Operations,https://www.bseindia.com:6443/markets/MarketInfo/DispNewNoticesCirculars.aspx?page=20240724-21,,,,,,,,,,,,,,,,,,,,,,,,,,,,,,,,,,,,,,,,,,,,,,,,,,,,,,,,,,,
20240724-20,Listing of new debt securities of Navi Finserv Limited,Debt,Company related,Listing Operations,https://www.bseindia.com:6443/markets/MarketInfo/DispNewNoticesCirculars.aspx?page=20240724-20,,,,,,,,,,,,,,,,,,,,,,,,,,,,,,,,,,,,,,,,,,,,,,,,,,,,,,,,,,,
20240724-19,Listing of new debt securities of HDFC Credila Financial Services Ltd,Debt,Company related,Listing Operations,https://www.bseindia.com:6443/markets/MarketInfo/DispNewNoticesCirculars.aspx?page=20240724-19,,,,,,,,,,,,,,,,,,,,,,,,,,,,,,,,,,,,,,,,,,,,,,,,,,,,,,,,,,,
20240724-18,Listing of New Securities of Fredun Pharmaceuticals Limited,Equity,Company related,Listing Operations,https://www.bseindia.com:6443/markets/MarketInfo/DispNewNoticesCirculars.aspx?page=20240724-18,,,,,,,,,,,,,,,,,,,,,,,,,,,,,,,,,,,,,,,,,,,,,,,,,,,,,,,,,,,
20240724-17,Rights issue of Equity Shares of TATA CONSUMER PRODUCTS LIMITED,Equity,Corporate Actions,Listing Operations,https://www.bseindia.com:6443/markets/MarketInfo/DispNewNoticesCirculars.aspx?page=20240724-17,,,,,,,,,,,,,,,,,,,,,,,,,,,,,,,,,,,,,,,,,,,,,,,,,,,,,,,,,,,
20240724-16,New ISIN Number of MAGELLANIC CLOUD LTD (Scrip Code: 538891),Equity,Corporate Actions,Listing Operations,https://www.bseindia.com:6443/markets/MarketInfo/DispNewNoticesCirculars.aspx?page=20240724-16,,,,,,,,,,,,,,,,,,,,,,,,,,,,,,,,,,,,,,,,,,,,,,,,,,,,,,,,,,,
20240724-15,Part Redemption of Debentures of SATYA MICROCAPITAL LIMITED ,Debt,Corporate Actions,Listing Operations,https://www.bseindia.com:6443/markets/MarketInfo/DispNewNoticesCirculars.aspx?page=20240724-15,,,,,,,,,,,,,,,,,,,,,,,,,,,,,,,,,,,,,,,,,,,,,,,,,,,,,,,,,,,
20240724-14,Part Redemption of PTCs of SANSAR TRUST DEC 2022,Debt,Corporate Actions,Listing Operations,https://www.bseindia.com:6443/markets/MarketInfo/DispNewNoticesCirculars.aspx?page=20240724-14,,,,,,,,,,,,,,,,,,,,,,,,,,,,,,,,,,,,,,,,,,,,,,,,,,,,,,,,,,,
20240724-13,Part Redemption of PTCs of VISTA SME 06 2023,Debt,Corporate Actions,Listing Operations,https://www.bseindia.com:6443/markets/MarketInfo/DispNewNoticesCirculars.aspx?page=20240724-13,,,,,,,,,,,,,,,,,,,,,,,,,,,,,,,,,,,,,,,,,,,,,,,,,,,,,,,,,,,
20240724-12,Mock Trading on Saturday July 27th 2024 for Commodity Derivatives segment,Commodity Derivatives,Trading,Trading Operations,https://www.bseindia.com:6443/markets/MarketInfo/DispNewNoticesCirculars.aspx?page=20240724-12,,,,,,,,,,,,,,,,,,,,,,,,,,,,,,,,,,,,,,,,,,,,,,,,,,,,,,,,,,,
20240724-11,Mock Trading on Saturday July 27th 2024 for Currency Derivatives segment ,Currency Derivatives,Trading,Trading Operations,https://www.bseindia.com:6443/markets/MarketInfo/DispNewNoticesCirculars.aspx?page=20240724-11,,,,,,,,,,,,,,,,,,,,,,,,,,,,,,,,,,,,,,,,,,,,,,,,,,,,,,,,,,,
20240724-10,Mock Trading on Saturday July 27th 2024 for Electronic Gold Receipts segment ,EGR,Trading,Trading Operations,https://www.bseindia.com:6443/markets/MarketInfo/DispNewNoticesCirculars.aspx?page=20240724-10,,,,,,,,,,,,,,,,,,,,,,,,,,,,,,,,,,,,,,,,,,,,,,,,,,,,,,,,,,,
20240724-9,Mock Trading on Saturday July 27th 2024 for Equity Derivatives segment,Derivatives,Trading,Trading Operations,https://www.bseindia.com:6443/markets/MarketInfo/DispNewNoticesCirculars.aspx?page=20240724-9,,,,,,,,,,,,,,,,,,,,,,,,,,,,,,,,,,,,,,,,,,,,,,,,,,,,,,,,,,,
20240724-8,Mock Trading on Saturday July 27th 2024 for Equity segment ,Equity,Trading,Trading Operations,https://www.bseindia.com:6443/markets/MarketInfo/DispNewNoticesCirculars.aspx?page=20240724-8,,,,,,,,,,,,,,,,,,,,,,,,,,,,,,,,,,,,,,,,,,,,,,,,,,,,,,,,,,,
20240724-7,Resignation of Trading Member ,General,Others,Membership Compliance,https://www.bseindia.com:6443/markets/MarketInfo/DispNewNoticesCirculars.aspx?page=20240724-7,,,,,,,,,,,,,,,,,,,,,,,,,,,,,,,,,,,,,,,,,,,,,,,,,,,,,,,,,,,
20240724-6,Part Redemption of PTCs,Debt,Corporate Actions,Listing Operations,https://www.bseindia.com:6443/markets/MarketInfo/DispNewNoticesCirculars.aspx?page=20240724-6,,,,,,,,,,,,,,,,,,,,,,,,,,,,,,,,,,,,,,,,,,,,,,,,,,,,,,,,,,,
20240724-5,Part Redemption of Debentures of SHRESHTA INFRA PROJECTS PVT LTD,Debt,Corporate Actions,Listing Operations,https://www.bseindia.com:6443/markets/MarketInfo/DispNewNoticesCirculars.aspx?page=20240724-5,,,,,,,,,,,,,,,,,,,,,,,,,,,,,,,,,,,,,,,,,,,,,,,,,,,,,,,,,,,
20240724-4,Listing of new debt securities of ReNew Wind Energy (Jamb) Private Limited,Debt,Company related,Listing Operations,https://www.bseindia.com:6443/markets/MarketInfo/DispNewNoticesCirculars.aspx?page=20240724-4,,,,,,,,,,,,,,,,,,,,,,,,,,,,,,,,,,,,,,,,,,,,,,,,,,,,,,,,,,,
20240724-3,Suspension of trading in Debt securities ,Debt,Corporate Actions,Listing Operations,https://www.bseindia.com:6443/markets/MarketInfo/DispNewNoticesCirculars.aspx?page=20240724-3,,,,,,,,,,,,,,,,,,,,,,,,,,,,,,,,,,,,,,,,,,,,,,,,,,,,,,,,,,,
20240724-2,Demat Auction - 678,General,Settlement/RMS,Post Trade,https://www.bseindia.com:6443/markets/MarketInfo/DispNewNoticesCirculars.aspx?page=20240724-2,,,,,,,,,,,,,,,,,,,,,,,,,,,,,,,,,,,,,,,,,,,,,,,,,,,,,,,,,,,
20240724-1,Resignation of Trading Member ,General,Others,Membership Compliance,https://www.bseindia.com:6443/markets/MarketInfo/DispNewNoticesCirculars.aspx?page=20240724-1,,,,,,,,,,,,,,,,,,,,,,,,,,,,,,,,,,,,,,,,,,,,,,,,,,,,,,,,,,,
20240723-42,Daily Bulletin,General,Company related,Listing Operations,https://www.bseindia.com:6443/markets/MarketInfo/DispNewNoticesCirculars.aspx?page=20240723-42,,,,,,,,,,,,,,,,,,,,,,,,,,,,,,,,,,,,,,,,,,,,,,,,,,,,,,,,,,,
20240723-41,Suspension of Trading in Debentures of INDOSTAR CAPITAL FINANCE LIMITED,Debt,Corporate Actions,Listing Operations,https://www.bseindia.com:6443/markets/MarketInfo/DispNewNoticesCirculars.aspx?page=20240723-41,,,,,,,,,,,,,,,,,,,,,,,,,,,,,,,,,,,,,,,,,,,,,,,,,,,,,,,,,,,
20240723-40,Suspension of Trading in Debentures of SHRIRAM FINANCE LIMITED,Debt,Corporate Actions,Listing Operations,https://www.bseindia.com:6443/markets/MarketInfo/DispNewNoticesCirculars.aspx?page=20240723-40,,,,,,,,,,,,,,,,,,,,,,,,,,,,,,,,,,,,,,,,,,,,,,,,,,,,,,,,,,,
20240723-39,Suspension of Trading in Debentures of HINDUJA LEYLAND FINANCE LIMITED,Debt,Corporate Actions,Listing Operations,https://www.bseindia.com:6443/markets/MarketInfo/DispNewNoticesCirculars.aspx?page=20240723-39,,,,,,,,,,,,,,,,,,,,,,,,,,,,,,,,,,,,,,,,,,,,,,,,,,,,,,,,,,,
20240723-38,Suspension of Trading in Debentures of KLM AXIVA FINVEST LIMITED,Debt,Corporate Actions,Listing Operations,https://www.bseindia.com:6443/markets/MarketInfo/DispNewNoticesCirculars.aspx?page=20240723-38,,,,,,,,,,,,,,,,,,,,,,,,,,,,,,,,,,,,,,,,,,,,,,,,,,,,,,,,,,,
20240723-37,Suspension of Trading in Debentures of MUTHOOTTU MINI FINANCIERS LIMITED,Debt,Corporate Actions,Listing Operations,https://www.bseindia.com:6443/markets/MarketInfo/DispNewNoticesCirculars.aspx?page=20240723-37,,,,,,,,,,,,,,,,,,,,,,,,,,,,,,,,,,,,,,,,,,,,,,,,,,,,,,,,,,,
20240723-36,Suspension of Trading in Commercial Paper,Debt,Corporate Actions,Listing Operations,https://www.bseindia.com:6443/markets/MarketInfo/DispNewNoticesCirculars.aspx?page=20240723-36,,,,,,,,,,,,,,,,,,,,,,,,,,,,,,,,,,,,,,,,,,,,,,,,,,,,,,,,,,,
20240723-35,Part Redemption of Debentures of BIRLA CORPORATION LTD.,Debt,Corporate Actions,Listing Operations,https://www.bseindia.com:6443/markets/MarketInfo/DispNewNoticesCirculars.aspx?page=20240723-35,,,,,,,,,,,,,,,,,,,,,,,,,,,,,,,,,,,,,,,,,,,,,,,,,,,,,,,,,,,
20240723-34,Part Redemption of Debentures of SHRIRAM HOUSING FINANCE LIMITED,Debt,Corporate Actions,Listing Operations,https://www.bseindia.com:6443/markets/MarketInfo/DispNewNoticesCirculars.aspx?page=20240723-34,,,,,,,,,,,,,,,,,,,,,,,,,,,,,,,,,,,,,,,,,,,,,,,,,,,,,,,,,,,
20240723-33,Part Redemption of PTCs of SHIVAM VI,Debt,Corporate Actions,Listing Operations,https://www.bseindia.com:6443/markets/MarketInfo/DispNewNoticesCirculars.aspx?page=20240723-33,,,,,,,,,,,,,,,,,,,,,,,,,,,,,,,,,,,,,,,,,,,,,,,,,,,,,,,,,,,
20240723-32,Enhanced Surveillance Measure (ESM),Equity,Trading,DOSS,https://www.bseindia.com:6443/markets/MarketInfo/DispNewNoticesCirculars.aspx?page=20240723-32,,,,,,,,,,,,,,,,,,,,,,,,,,,,,,,,,,,,,,,,,,,,,,,,,,,,,,,,,,,
20240723-31,Clarifications received from the companies,Equity,Company related,DOSS,https://www.bseindia.com:6443/markets/MarketInfo/DispNewNoticesCirculars.aspx?page=20240723-31,,,,,,,,,,,,,,,,,,,,,,,,,,,,,,,,,,,,,,,,,,,,,,,,,,,,,,,,,,,
20240723-30,CHANGES IN PRICE BAND,Equity,Trading,DOSS,https://www.bseindia.com:6443/markets/MarketInfo/DispNewNoticesCirculars.aspx?page=20240723-30,,,,,,,,,,,,,,,,,,,,,,,,,,,,,,,,,,,,,,,,,,,,,,,,,,,,,,,,,,,
20240723-29,Graded Surveillance Measure (GSM) - List of securities moving into their respective GSM Stages,Equity,Trading,DOSS,https://www.bseindia.com:6443/markets/MarketInfo/DispNewNoticesCirculars.aspx?page=20240723-29,,,,,,,,,,,,,,,,,,,,,,,,,,,,,,,,,,,,,,,,,,,,,,,,,,,,,,,,,,,
20240723-28,Applicability of Additional Surveillance Measure,Equity,Trading,DOSS,https://www.bseindia.com:6443/markets/MarketInfo/DispNewNoticesCirculars.aspx?page=20240723-28,,,,,,,,,,,,,,,,,,,,,,,,,,,,,,,,,,,,,,,,,,,,,,,,,,,,,,,,,,,
20240723-27,Applicability of Short Term Additional Surveillance Measure (ST-ASM),Equity,Trading,DOSS,https://www.bseindia.com:6443/markets/MarketInfo/DispNewNoticesCirculars.aspx?page=20240723-27,,,,,,,,,,,,,,,,,,,,,,,,,,,,,,,,,,,,,,,,,,,,,,,,,,,,,,,,,,,
20240723-26,Listing of new securities of Tata Consumer Products Limited,Equity,Company related,Listing Operations,https://www.bseindia.com:6443/markets/MarketInfo/DispNewNoticesCirculars.aspx?page=20240723-26,,,,,,,,,,,,,,,,,,,,,,,,,,,,,,,,,,,,,,,,,,,,,,,,,,,,,,,,,,,
20240723-25,Listing of Securities Goodluck India Limited,Equity,Company related,Listing Operations,https://www.bseindia.com:6443/markets/MarketInfo/DispNewNoticesCirculars.aspx?page=20240723-25,,,,,,,,,,,,,,,,,,,,,,,,,,,,,,,,,,,,,,,,,,,,,,,,,,,,,,,,,,,
20240723-24,Listing of Securities Dhruv Consultancy Services Limited,Equity,Company related,Listing Operations,https://www.bseindia.com:6443/markets/MarketInfo/DispNewNoticesCirculars.aspx?page=20240723-24,,,,,,,,,,,,,,,,,,,,,,,,,,,,,,,,,,,,,,,,,,,,,,,,,,,,,,,,,,,
20240723-23,Listing of further securities issued by the companies under ESOP/ESOS,Equity,Company related,Listing Operations,https://www.bseindia.com:6443/markets/MarketInfo/DispNewNoticesCirculars.aspx?page=20240723-23,,,,,,,,,,,,,,,,,,,,,,,,,,,,,,,,,,,,,,,,,,,,,,,,,,,,,,,,,,,
20240723-22,Launch of NFO with SIP facility of GROWW Mutual Fund on BSE StAR MF Platform,Mutual Fund,Trading,Trading Operations,https://www.bseindia.com:6443/markets/MarketInfo/DispNewNoticesCirculars.aspx?page=20240723-22,,,,,,,,,,,,,,,,,,,,,,,,,,,,,,,,,,,,,,,,,,,,,,,,,,,,,,,,,,,
20240723-21,Listing of new Commercial Paper of HDFC Securities Limited ,Debt,Company related,Listing Operations,https://www.bseindia.com:6443/markets/MarketInfo/DispNewNoticesCirculars.aspx?page=20240723-21,,,,,,,,,,,,,,,,,,,,,,,,,,,,,,,,,,,,,,,,,,,,,,,,,,,,,,,,,,,
20240723-20,Listing of new Commercial Paper of Aditya Birla Fashion and Retail Limited ,Debt,Company related,Listing Operations,https://www.bseindia.com:6443/markets/MarketInfo/DispNewNoticesCirculars.aspx?page=20240723-20,,,,,,,,,,,,,,,,,,,,,,,,,,,,,,,,,,,,,,,,,,,,,,,,,,,,,,,,,,,
20240723-19,Listing of new Commercial Paper of ICICI Home Finance Company Limited ,Debt,Company related,Listing Operations,https://www.bseindia.com:6443/markets/MarketInfo/DispNewNoticesCirculars.aspx?page=20240723-19,,,,,,,,,,,,,,,,,,,,,,,,,,,,,,,,,,,,,,,,,,,,,,,,,,,,,,,,,,,
20240723-18,Listing of new Commercial Paper of Bajaj Finance Limited ,Debt,Company related,Listing Operations,https://www.bseindia.com:6443/markets/MarketInfo/DispNewNoticesCirculars.aspx?page=20240723-18,,,,,,,,,,,,,,,,,,,,,,,,,,,,,,,,,,,,,,,,,,,,,,,,,,,,,,,,,,,
20240723-17,Listing of new Commercial Paper of Nuvama Wealth Finance Limited ,Debt,Company related,Listing Operations,https://www.bseindia.com:6443/markets/MarketInfo/DispNewNoticesCirculars.aspx?page=20240723-17,,,,,,,,,,,,,,,,,,,,,,,,,,,,,,,,,,,,,,,,,,,,,,,,,,,,,,,,,,,
20240723-16,Listing of new Commercial Paper of Himadri Speciality Chemical Ltd,Debt,Company related,Listing Operations,https://www.bseindia.com:6443/markets/MarketInfo/DispNewNoticesCirculars.aspx?page=20240723-16,,,,,,,,,,,,,,,,,,,,,,,,,,,,,,,,,,,,,,,,,,,,,,,,,,,,,,,,,,,
20240723-15,Listing of new debt securities of Shriram Finance Limited,Debt,Company related,Listing Operations,https://www.bseindia.com:6443/markets/MarketInfo/DispNewNoticesCirculars.aspx?page=20240723-15,,,,,,,,,,,,,,,,,,,,,,,,,,,,,,,,,,,,,,,,,,,,,,,,,,,,,,,,,,,
20240723-14,Listing of new debt securities of POWER GRID CORPORATION OF INDIA LIMITED,Debt,Company related,Listing Operations,https://www.bseindia.com:6443/markets/MarketInfo/DispNewNoticesCirculars.aspx?page=20240723-14,,,,,,,,,,,,,,,,,,,,,,,,,,,,,,,,,,,,,,,,,,,,,,,,,,,,,,,,,,,
20240723-13,Admission of New Member,General,Others,Membership Compliance,https://www.bseindia.com:6443/markets/MarketInfo/DispNewNoticesCirculars.aspx?page=20240723-13,,,,,,,,,,,,,,,,,,,,,,,,,,,,,,,,,,,,,,,,,,,,,,,,,,,,,,,,,,,
20240723-12,Admission of Member – Additional Segment,General,Others,Membership Compliance,https://www.bseindia.com:6443/markets/MarketInfo/DispNewNoticesCirculars.aspx?page=20240723-12,,,,,,,,,,,,,,,,,,,,,,,,,,,,,,,,,,,,,,,,,,,,,,,,,,,,,,,,,,,
20240723-11,Listing of Units Of ICICI Prudential Nifty Oil & Gas ETF a scheme under ICICI Prudential Mutual Fund,Mutual Fund,Company related,Listing Operations,https://www.bseindia.com:6443/markets/MarketInfo/DispNewNoticesCirculars.aspx?page=20240723-11,,,,,,,,,,,,,,,,,,,,,,,,,,,,,,,,,,,,,,,,,,,,,,,,,,,,,,,,,,,
20240723-10,Change in group of Equity shares of LS Industries Ltd. (Scrip Code: 514446) ,Equity,Company related,Listing Compliance-Monitoring,https://www.bseindia.com:6443/markets/MarketInfo/DispNewNoticesCirculars.aspx?page=20240723-10,,,,,,,,,,,,,,,,,,,,,,,,,,,,,,,,,,,,,,,,,,,,,,,,,,,,,,,,,,,
20240723-9,Listing of new securities of  Vedanta Limited,Equity,Company related,Listing Operations,https://www.bseindia.com:6443/markets/MarketInfo/DispNewNoticesCirculars.aspx?page=20240723-9,,,,,,,,,,,,,,,,,,,,,,,,,,,,,,,,,,,,,,,,,,,,,,,,,,,,,,,,,,,
20240723-8,Demat Auction -677,General,Settlement/RMS,Post Trade,https://www.bseindia.com:6443/markets/MarketInfo/DispNewNoticesCirculars.aspx?page=20240723-8,,,,,,,,,,,,,,,,,,,,,,,,,,,,,,,,,,,,,,,,,,,,,,,,,,,,,,,,,,,
20240723-7,Sub-Division of Equity Shares of PANORAMA STUDIOS INTERNATIONAL LTD (Scrip Code: 539469).,Equity,Corporate Actions,Listing Operations,https://www.bseindia.com:6443/markets/MarketInfo/DispNewNoticesCirculars.aspx?page=20240723-7,,,,,,,,,,,,,,,,,,,,,,,,,,,,,,,,,,,,,,,,,,,,,,,,,,,,,,,,,,,
20240723-6,Listing of new debt securities of Hinduja Leyland Finance Limited,Debt,Company related,Listing Operations,https://www.bseindia.com:6443/markets/MarketInfo/DispNewNoticesCirculars.aspx?page=20240723-6,,,,,,,,,,,,,,,,,,,,,,,,,,,,,,,,,,,,,,,,,,,,,,,,,,,,,,,,,,,
20240723-5,Suspension of Trading in Commercial Paper,Debt,Corporate Actions,Listing Operations,https://www.bseindia.com:6443/markets/MarketInfo/DispNewNoticesCirculars.aspx?page=20240723-5,,,,,,,,,,,,,,,,,,,,,,,,,,,,,,,,,,,,,,,,,,,,,,,,,,,,,,,,,,,
20240723-4,Suspension of trading in Government Bonds,Debt,Corporate Actions,Listing Operations,https://www.bseindia.com:6443/markets/MarketInfo/DispNewNoticesCirculars.aspx?page=20240723-4,,,,,,,,,,,,,,,,,,,,,,,,,,,,,,,,,,,,,,,,,,,,,,,,,,,,,,,,,,,
20240723-3,Application for Resignation of Membership,General,Others,Membership Compliance,https://www.bseindia.com:6443/markets/MarketInfo/DispNewNoticesCirculars.aspx?page=20240723-3,,,,,,,,,,,,,,,,,,,,,,,,,,,,,,,,,,,,,,,,,,,,,,,,,,,,,,,,,,,
20240723-2,CORPORATE ACTION IN SLB SECURITIES,SLB,Corporate Actions,Trading Operations,https://www.bseindia.com:6443/markets/MarketInfo/DispNewNoticesCirculars.aspx?page=20240723-2,,,,,,,,,,,,,,,,,,,,,,,,,,,,,,,,,,,,,,,,,,,,,,,,,,,,,,,,,,,
20240723-1,Non-Competitive Bidding for Auction of GoI dated Securities (G-secs) on July 26 2024,Debt,Trading,Trading Operations,https://www.bseindia.com:6443/markets/MarketInfo/DispNewNoticesCirculars.aspx?page=20240723-1,,,,,,,,,,,,,,,,,,,,,,,,,,,,,,,,,,,,,,,,,,,,,,,,,,,,,,,,,,,
