time,source,title,link
7 hours ago,CarbonCredits.com,"Uranium Contract Prices Hit 16-Year Highs, Plus Major Market Development",https://news.google.com/articles/CBMiYmh0dHBzOi8vY2FyYm9uY3JlZGl0cy5jb20vdXJhbml1bS1jb250cmFjdC1wcmljZXMtaGl0LTE2LXllYXItaGlnaHMtcGx1cy1tYWpvci1tYXJrZXQtZGV2ZWxvcG1lbnQv0gEA?hl=en-IN&gl=IN&ceid=IN%3Aen
19 hours ago,Bloomberg,Carbon Credits Found to Be Mostly ‘Ineffective’ in Key Study,https://news.google.com/articles/CBMibWh0dHBzOi8vd3d3LmJsb29tYmVyZy5jb20vbmV3cy9hcnRpY2xlcy8yMDI0LTA3LTMwL2NhcmJvbi1jcmVkaXRzLWZvdW5kLXRvLWJlLW1vc3RseS1pbmVmZmVjdGl2ZS1pbi1rZXktc3R1ZHnSAQA?hl=en-IN&gl=IN&ceid=IN%3Aen
12 hours ago,Phys.org,"Carbon credits 'ineffective', says corporate climate watchdog",https://news.google.com/articles/CBMiT2h0dHBzOi8vcGh5cy5vcmcvbmV3cy8yMDI0LTA3LWNhcmJvbi1jcmVkaXRzLWluZWZmZWN0aXZlLWNvcnBvcmF0ZS1jbGltYXRlLmh0bWzSAQA?hl=en-IN&gl=IN&ceid=IN%3Aen
19 hours ago,World Economic Forum,Why we need to expand the horizons of blue carbon projects,https://news.google.com/articles/CBMic2h0dHBzOi8vd3d3LndlZm9ydW0ub3JnL2FnZW5kYS8yMDI0LzA3L2hvdy1yZWZyYW1pbmctdGhlLXZhbHVlLWJsdWUtY2FyYm9uLWNvdWxkLWhlbHAtdG8tc3VwcG9ydC1sb2NhbC1jb21tdW5pdGllcy_SAQA?hl=en-IN&gl=IN&ceid=IN%3Aen
10 hours ago,The New Indian Express,4 Factors to influence our emissions trading system,https://news.google.com/articles/CBMiaWh0dHBzOi8vd3d3Lm5ld2luZGlhbmV4cHJlc3MuY29tL29waW5pb25zLzIwMjQvSnVsLzMwLzQtZmFjdG9ycy10by1pbmZsdWVuY2Utb3VyLWVtaXNzaW9ucy10cmFkaW5nLXN5c3RlbdIBc2h0dHBzOi8vd3d3Lm5ld2luZGlhbmV4cHJlc3MuY29tL2FtcC9zdG9yeS9vcGluaW9ucy8yMDI0L0p1bC8zMC80LWZhY3RvcnMtdG8taW5mbHVlbmNlLW91ci1lbWlzc2lvbnMtdHJhZGluZy1zeXN0ZW0?hl=en-IN&gl=IN&ceid=IN%3Aen
15 hours ago,Responsible Investor,ESG round-up: SBTi publishes long-awaited study on carbon credits,https://news.google.com/articles/CBMiZmh0dHBzOi8vd3d3LnJlc3BvbnNpYmxlLWludmVzdG9yLmNvbS9lc2ctcm91bmQtdXAtc2J0aS1wdWJsaXNoZXMtbG9uZy1hd2FpdGVkLXN0dWR5LW9uLWNhcmJvbi1jcmVkaXRzL9IBAA?hl=en-IN&gl=IN&ceid=IN%3Aen
19 hours ago,ThePrint,Corporate climate watchdog keeps lid on buying carbon offsets to meet climate targets,https://news.google.com/articles/CBMifmh0dHBzOi8vdGhlcHJpbnQuaW4vZW52aXJvbm1lbnQvY29ycG9yYXRlLWNsaW1hdGUtd2F0Y2hkb2cta2VlcHMtbGlkLW9uLWJ1eWluZy1jYXJib24tb2Zmc2V0cy10by1tZWV0LWNsaW1hdGUtdGFyZ2V0cy8yMTk4NTY4L9IBggFodHRwczovL3RoZXByaW50LmluL2Vudmlyb25tZW50L2NvcnBvcmF0ZS1jbGltYXRlLXdhdGNoZG9nLWtlZXBzLWxpZC1vbi1idXlpbmctY2FyYm9uLW9mZnNldHMtdG8tbWVldC1jbGltYXRlLXRhcmdldHMvMjE5ODU2OC8_YW1w?hl=en-IN&gl=IN&ceid=IN%3Aen
19 hours ago,Carbon Market Watch,New CMW study and SBTi assessment highlight risks associated with carbon offsetting,https://news.google.com/articles/CBMifWh0dHBzOi8vY2FyYm9ubWFya2V0d2F0Y2gub3JnLzIwMjQvMDcvMzAvbmV3LWNtdy1zdHVkeS1hbmQtc2J0aS1hc3Nlc3NtZW50LWhpZ2hsaWdodC1yaXNrcy1hc3NvY2lhdGVkLXdpdGgtY2FyYm9uLW9mZnNldHRpbmcv0gEA?hl=en-IN&gl=IN&ceid=IN%3Aen
14 hours ago,Reuters,Corporate climate watchdog keeps lid on buying carbon offsets to meet climate targets,https://news.google.com/articles/CBMiiAFodHRwczovL3d3dy5yZXV0ZXJzLmNvbS9idXNpbmVzcy9lbnZpcm9ubWVudC9jb3Jwb3JhdGUtY2xpbWF0ZS13YXRjaGRvZy1rZWVwcy1saWQtYnV5aW5nLWNhcmJvbi1vZmZzZXRzLW1lZXQtY2xpbWF0ZS10YXJnZXRzLTIwMjQtMDctMzAv0gEA?hl=en-IN&gl=IN&ceid=IN%3Aen
12 hours ago,Carbon Herald,SBTi Releases Technical Publications As Part Of Corporate Net-Zero Standard Revision,https://news.google.com/articles/CBMibmh0dHBzOi8vY2FyYm9uaGVyYWxkLmNvbS9zYnRpLXJlbGVhc2VzLXRlY2huaWNhbC1wdWJsaWNhdGlvbnMtYXMtcGFydC1vZi1jb3Jwb3JhdGUtbmV0LXplcm8tc3RhbmRhcmQtcmV2aXNpb24v0gEA?hl=en-IN&gl=IN&ceid=IN%3Aen
16 hours ago,BusinessGreen,Science Based Targets: Review finds 'mixed' evidence on effectiveness of carbon offsets,https://news.google.com/articles/CBMibWh0dHBzOi8vd3d3LmJ1c2luZXNzZ3JlZW4uY29tL25ld3MvNDM0MTEyMi9zY2llbmNlLXRhcmdldHMtcmV2aWV3LW1peGVkLWV2aWRlbmNlLWVmZmVjdGl2ZW5lc3MtY2FyYm9uLW9mZnNldHPSAQA?hl=en-IN&gl=IN&ceid=IN%3Aen
21 hours ago,Saurenergy,Carbon Credit Market to Soar: From $267.8 Billion to $1.2 Trillion by 2029,https://news.google.com/articles/CBMidGh0dHBzOi8vd3d3LnNhdXJlbmVyZ3kuY29tL3NvbGFyLWVuZXJneS1uZXdzL2NhcmJvbi1jcmVkaXQtbWFya2V0LXRvLXNvYXItZnJvbS0yNjctOC1iaWxsaW9uLXRvLTEtMi10cmlsbGlvbi1ieS0yMDI50gEA?hl=en-IN&gl=IN&ceid=IN%3Aen
13 hours ago,Quantum Commodity Intelligence,Biomass-based CDR firm raises $30m from major vencap funding,https://news.google.com/articles/CBMibWh0dHBzOi8vd3d3LnFjaW50ZWwuY29tL2NhcmJvbi9hcnRpY2xlL2Jpb21hc3MtYmFzZWQtY2RyLWZpcm0tcmFpc2VzLTMwbS1mcm9tLW1ham9yLXZlbmNhcC1mdW5kaW5nLTI3NTU2Lmh0bWzSAQA?hl=en-IN&gl=IN&ceid=IN%3Aen
18 hours ago,Carbon Pulse,One approach to measuring biodiversity credits gains momentum -research,https://news.google.com/articles/CBMiIGh0dHBzOi8vY2FyYm9uLXB1bHNlLmNvbS8zMDg1ODAv0gEA?hl=en-IN&gl=IN&ceid=IN%3Aen
7 hours ago,CarbonCredits.com,Bursa Malaysia Debuts Malaysia’s First Nature-Based Carbon Credits,https://news.google.com/articles/CBMiXGh0dHBzOi8vY2FyYm9uY3JlZGl0cy5jb20vYnVyc2EtbWFsYXlzaWEtZGVidXRzLW1hbGF5c2lhcy1maXJzdC1uYXR1cmUtYmFzZWQtY2FyYm9uLWNyZWRpdHMv0gEA?hl=en-IN&gl=IN&ceid=IN%3Aen
19 hours ago,Eco-Business,Malaysia proposes Asean standard for carbon projects as it launches its first nature-based credits,https://news.google.com/articles/CBMihQFodHRwczovL3d3dy5lY28tYnVzaW5lc3MuY29tL25ld3MvbWFsYXlzaWEtcHJvcG9zZXMtYXNlYW4tc3RhbmRhcmQtZm9yLWNhcmJvbi1wcm9qZWN0cy1hcy1pdC1sYXVuY2hlcy1pdHMtZmlyc3QtbmF0dXJlLWJhc2VkLWNyZWRpdHMv0gEA?hl=en-IN&gl=IN&ceid=IN%3Aen
16 hours ago,Sustainable Views,SBTi on offsets: direct decarbonisation must remain the priority,https://news.google.com/articles/CBMiamh0dHBzOi8vd3d3LnN1c3RhaW5hYmxldmlld3MuY29tL3NidGktb24tb2Zmc2V0cy1kaXJlY3QtZGVjYXJib25pc2F0aW9uLW11c3QtcmVtYWluLXRoZS1wcmlvcml0eS1iM2Q3YjQ4Ni_SAQA?hl=en-IN&gl=IN&ceid=IN%3Aen
20 hours ago,Free Press Journal,"Punes Vehicle Count Has Hit 38.63 Lakh, States Environment Status Report 2023-24",https://news.google.com/articles/CBMic2h0dHBzOi8vd3d3LmZyZWVwcmVzc2pvdXJuYWwuaW4vcHVuZS9wdW5lcy12ZWhpY2xlLWNvdW50LWhhcy1oaXQtMzg2My1sYWtoLXN0YXRlcy1lbnZpcm9ubWVudC1zdGF0dXMtcmVwb3J0LTIwMjMtMjTSAXdodHRwczovL3d3dy5mcmVlcHJlc3Nqb3VybmFsLmluL2FtcC9wdW5lL3B1bmVzLXZlaGljbGUtY291bnQtaGFzLWhpdC0zODYzLWxha2gtc3RhdGVzLWVudmlyb25tZW50LXN0YXR1cy1yZXBvcnQtMjAyMy0yNA?hl=en-IN&gl=IN&ceid=IN%3Aen
11 hours ago,Laboratory Equipment,"Scientists Untangle Interactions Between Earth’s Early Life Forms, Environment Over 500 Million Years",https://news.google.com/articles/CBMikAFodHRwczovL3d3dy5sYWJvcmF0b3J5ZXF1aXBtZW50LmNvbS82MTQyOTgtU2NpZW50aXN0cy1VbnRhbmdsZS1JbnRlcmFjdGlvbnMtQmV0d2Vlbi1FYXJ0aC1zLUVhcmx5LUxpZmUtRm9ybXMtRW52aXJvbm1lbnQtT3Zlci01MDAtTWlsbGlvbi1ZZWFycy_SAQA?hl=en-IN&gl=IN&ceid=IN%3Aen
19 hours ago,edie.net,"SBTi pushes carbon offsetting decision to 2025, as evidence outlines pitfalls in VCM",https://news.google.com/articles/CBMiaWh0dHBzOi8vd3d3LmVkaWUubmV0L3NidGktcHVzaGVzLWNhcmJvbi1vZmZzZXR0aW5nLWRlY2lzaW9uLXRvLTIwMjUtYXMtZXZpZGVuY2Utb3V0bGluZXMtcGl0ZmFsbHMtaW4tdmNtL9IBcmh0dHBzOi8vd3d3LmVkaWUubmV0L3NidGktcHVzaGVzLWNhcmJvbi1vZmZzZXR0aW5nLWRlY2lzaW9uLXRvLTIwMjUtYXMtZXZpZGVuY2Utb3V0bGluZXMtcGl0ZmFsbHMtaW4tdmNtLz9hbXA9dHJ1ZQ?hl=en-IN&gl=IN&ceid=IN%3Aen
16 hours ago,"Wuppertal Institut für Klima, Umwelt, Energie",Global Carbon Market: Ready for Action,https://news.google.com/articles/CBMiKmh0dHBzOi8vd3VwcGVyaW5zdC5vcmcvZW4vYS93aS9hL3MvYWQvODY0OdIBAA?hl=en-IN&gl=IN&ceid=IN%3Aen
19 hours ago,edie.net,‘Inadvisable and illogical’: What does the SBTi’s Net-Zero Standard Review tell us about carbon offsetting?,https://news.google.com/articles/CBMifGh0dHBzOi8vd3d3LmVkaWUubmV0L2luYWR2aXNhYmxlLWFuZC1pbGxvZ2ljYWwtd2hhdC1kb2VzLXRoZS1zYnRpcy1uZXQtemVyby1zdGFuZGFyZC1yZXZpZXctdGVsbC11cy1hYm91dC1jYXJib24tb2Zmc2V0dGluZy_SAYUBaHR0cHM6Ly93d3cuZWRpZS5uZXQvaW5hZHZpc2FibGUtYW5kLWlsbG9naWNhbC13aGF0LWRvZXMtdGhlLXNidGlzLW5ldC16ZXJvLXN0YW5kYXJkLXJldmlldy10ZWxsLXVzLWFib3V0LWNhcmJvbi1vZmZzZXR0aW5nLz9hbXA9dHJ1ZQ?hl=en-IN&gl=IN&ceid=IN%3Aen
16 hours ago,Devdiscourse,SBTi's Stance on Carbon Credits: A Controversial Stand amidst Corporate Climate Debates,https://news.google.com/articles/CBMijQFodHRwczovL3d3dy5kZXZkaXNjb3Vyc2UuY29tL2FydGljbGUvdGVjaG5vbG9neS8zMDM1NTc2LXNidGlzLXN0YW5jZS1vbi1jYXJib24tY3JlZGl0cy1hLWNvbnRyb3ZlcnNpYWwtc3RhbmQtYW1pZHN0LWNvcnBvcmF0ZS1jbGltYXRlLWRlYmF0ZXPSAZEBaHR0cHM6Ly93d3cuZGV2ZGlzY291cnNlLmNvbS9hcnRpY2xlL3RlY2hub2xvZ3kvMzAzNTU3Ni1zYnRpcy1zdGFuY2Utb24tY2FyYm9uLWNyZWRpdHMtYS1jb250cm92ZXJzaWFsLXN0YW5kLWFtaWRzdC1jb3Jwb3JhdGUtY2xpbWF0ZS1kZWJhdGVzP2FtcA?hl=en-IN&gl=IN&ceid=IN%3Aen
18 hours ago,The Edge Malaysia,Carbon credits found to be mostly ‘ineffective’ in key study,https://news.google.com/articles/CBMiJ2h0dHBzOi8vdGhlZWRnZW1hbGF5c2lhLmNvbS9ub2RlLzcyMDk5MNIBAA?hl=en-IN&gl=IN&ceid=IN%3Aen
14 hours ago,Watauga Democrat,"Carbon credits 'ineffective', says corporate climate watchdog",https://news.google.com/articles/CBMimgFodHRwczovL3d3dy53YXRhdWdhZGVtb2NyYXQuY29tL25ld3MvbmF0aW9uYWwvY2FyYm9uLWNyZWRpdHMtaW5lZmZlY3RpdmUtc2F5cy1jb3Jwb3JhdGUtY2xpbWF0ZS13YXRjaGRvZy9hcnRpY2xlXzRmZDA2MDcyLWJiZTYtNTkwMi1hMWViLTQ0Yjg3NDhlOTVkNC5odG1s0gEA?hl=en-IN&gl=IN&ceid=IN%3Aen
22 hours ago,African Arguments,SBTi’s controversial shift has given a new lifeline to the carbon offset ruse,https://news.google.com/articles/CBMicmh0dHBzOi8vYWZyaWNhbmFyZ3VtZW50cy5vcmcvMjAyNC8wNy9zYnRpLWNvbnRyb3ZlcnNpYWwtc2hpZnQtaGFzLWdpdmVuLWEtbmV3LWxpZmVsaW5lLXRvLXRoZS1jYXJib24tb2Zmc2V0cy1ydXNlL9IBAA?hl=en-IN&gl=IN&ceid=IN%3Aen
14 hours ago,The Caledonian-Record ,"Carbon credits 'ineffective', says corporate climate watchdog",https://news.google.com/articles/CBMimwFodHRwczovL3d3dy5jYWxlZG9uaWFucmVjb3JkLmNvbS9uZXdzL25hdGlvbmFsL2NhcmJvbi1jcmVkaXRzLWluZWZmZWN0aXZlLXNheXMtY29ycG9yYXRlLWNsaW1hdGUtd2F0Y2hkb2cvYXJ0aWNsZV81YzRlM2ExMy1iZTdjLTViMGQtYTJlNS1mOThiODc1OTgzZTcuaHRtbNIBAA?hl=en-IN&gl=IN&ceid=IN%3Aen
14 hours ago,Citizentribune,"Carbon credits 'ineffective', says corporate climate watchdog",https://news.google.com/articles/CBMimQFodHRwczovL3d3dy5jaXRpemVudHJpYnVuZS5jb20vbmV3cy9uYXRpb25hbC9jYXJib24tY3JlZGl0cy1pbmVmZmVjdGl2ZS1zYXlzLWNvcnBvcmF0ZS1jbGltYXRlLXdhdGNoZG9nL2FydGljbGVfZTJkMTVjNjQtYjE4Ny01YzBhLThjZjMtYjZiOWIyZjgyZjljLmh0bWzSAQA?hl=en-IN&gl=IN&ceid=IN%3Aen
1 hour ago,Daily Times,The Rise of Carbon Markets in Pakistan,https://news.google.com/articles/CBMiSWh0dHBzOi8vZGFpbHl0aW1lcy5jb20ucGsvMTIxMzIzMi90aGUtcmlzZS1vZi1jYXJib24tbWFya2V0cy1pbi1wYWtpc3Rhbi_SAU1odHRwczovL2RhaWx5dGltZXMuY29tLnBrLzEyMTMyMzIvdGhlLXJpc2Utb2YtY2FyYm9uLW1hcmtldHMtaW4tcGFraXN0YW4vYW1wLw?hl=en-IN&gl=IN&ceid=IN%3Aen
17 hours ago,Printweek,Antalis reveals cut emissions in ESG update,https://news.google.com/articles/CBMiUmh0dHBzOi8vd3d3LnByaW50d2Vlay5jb20vY29udGVudC9uZXdzL2FudGFsaXMtcmV2ZWFscy1jdXQtZW1pc3Npb25zLWluLWVzZy11cGRhdGXSAQA?hl=en-IN&gl=IN&ceid=IN%3Aen
20 hours ago,Devdiscourse,Air New Zealand Drops 2030 Carbon Emission Goals Amid Challenges,https://news.google.com/articles/CBMigQFodHRwczovL3d3dy5kZXZkaXNjb3Vyc2UuY29tL2FydGljbGUvc2NpZW5jZS1lbnZpcm9ubWVudC8zMDM1MjIxLWFpci1uZXctemVhbGFuZC1kcm9wcy0yMDMwLWNhcmJvbi1lbWlzc2lvbi1nb2Fscy1hbWlkLWNoYWxsZW5nZXPSAYUBaHR0cHM6Ly93d3cuZGV2ZGlzY291cnNlLmNvbS9hcnRpY2xlL3NjaWVuY2UtZW52aXJvbm1lbnQvMzAzNTIyMS1haXItbmV3LXplYWxhbmQtZHJvcHMtMjAzMC1jYXJib24tZW1pc3Npb24tZ29hbHMtYW1pZC1jaGFsbGVuZ2VzP2FtcA?hl=en-IN&gl=IN&ceid=IN%3Aen
19 hours ago,Devdiscourse,SBTi Holds Firm on Carbon Credit Policy Amid Scientific Scrutiny,https://news.google.com/articles/CBMieGh0dHBzOi8vd3d3LmRldmRpc2NvdXJzZS5jb20vYXJ0aWNsZS90ZWNobm9sb2d5LzMwMzUzMTMtc2J0aS1ob2xkcy1maXJtLW9uLWNhcmJvbi1jcmVkaXQtcG9saWN5LWFtaWQtc2NpZW50aWZpYy1zY3J1dGluedIBfGh0dHBzOi8vd3d3LmRldmRpc2NvdXJzZS5jb20vYXJ0aWNsZS90ZWNobm9sb2d5LzMwMzUzMTMtc2J0aS1ob2xkcy1maXJtLW9uLWNhcmJvbi1jcmVkaXQtcG9saWN5LWFtaWQtc2NpZW50aWZpYy1zY3J1dGlueT9hbXA?hl=en-IN&gl=IN&ceid=IN%3Aen
16 minutes ago,Business MattersBusiness Matters,"Getting To Know You: Andy Howard, CEO of CSX Carbon",https://news.google.com/articles/CBMicWh0dHBzOi8vYm1tYWdhemluZS5jby51ay9lbnRyZXByZW5ldXItaW50ZXJ2aWV3cy9lbnRyZXByZW5ldXJzL2dldHRpbmctdG8ta25vdy15b3UtYW5keS1ob3dhcmQtY2VvLW9mLWNzeC1jYXJib24v0gF1aHR0cHM6Ly9ibW1hZ2F6aW5lLmNvLnVrL2VudHJlcHJlbmV1ci1pbnRlcnZpZXdzL2VudHJlcHJlbmV1cnMvZ2V0dGluZy10by1rbm93LXlvdS1hbmR5LWhvd2FyZC1jZW8tb2YtY3N4LWNhcmJvbi8_YW1w?hl=en-IN&gl=IN&ceid=IN%3Aen
18 hours ago,Tempo.co English,"Air New Zealand Drops 2030 Carbon Target, Cites Plane Delivery Delays",https://news.google.com/articles/CBMiZWh0dHBzOi8vZW4udGVtcG8uY28vcmVhZC8xODk3NjY2L2Fpci1uZXctemVhbGFuZC1kcm9wcy0yMDMwLWNhcmJvbi10YXJnZXQtY2l0ZXMtcGxhbmUtZGVsaXZlcnktZGVsYXlz0gEA?hl=en-IN&gl=IN&ceid=IN%3Aen
20 hours ago,Canada's National Observer,"Carbon Offsets: the solution, more “hot air”, or carbon “colonialism”?",https://news.google.com/articles/CBMibmh0dHBzOi8vd3d3Lm5hdGlvbmFsb2JzZXJ2ZXIuY29tLzIwMjQvMDcvMzAvb3Bpbmlvbi9jYXJib24tb2Zmc2V0cy1zb2x1dGlvbi1tb3JlLWhvdC1haXItb3ItY2FyYm9uLWNvbG9uaWFsaXNt0gEA?hl=en-IN&gl=IN&ceid=IN%3Aen
13 hours ago,ITVX,Can storing carbon in soil generate income and help combat climate change?,https://news.google.com/articles/CBMicGh0dHBzOi8vd3d3Lml0di5jb20vd2F0Y2gvbmV3cy9jYW4tc3RvcmluZy1jYXJib24taW4tc29pbC1nZW5lcmF0ZS1pbmNvbWUtYW5kLWhlbHAtY29tYmF0LWNsaW1hdGUtY2hhbmdlL21idzcweHnSAQA?hl=en-IN&gl=IN&ceid=IN%3Aen
23 hours ago,Singapore Economic Development Board,Singapore Carbon Market Alliance,https://news.google.com/articles/CBMiXWh0dHBzOi8vd3d3LmVkYi5nb3Yuc2cvZW4vb3VyLWluZHVzdHJpZXMvc3VzdGFpbmFiaWxpdHkvc2luZ2Fwb3JlLWNhcmJvbi1tYXJrZXQtYWxsaWFuY2UuaHRtbNIBAA?hl=en-IN&gl=IN&ceid=IN%3Aen
17 hours ago,Crypto News Flash,VeChain Partners with Carboneers to Transform Agricultural Waste into Climate Solutions,https://news.google.com/articles/CBMiemh0dHBzOi8vd3d3LmNyeXB0by1uZXdzLWZsYXNoLmNvbS92ZWNoYWluLXBhcnRuZXJzLXdpdGgtY2FyYm9uZWVycy10by10cmFuc2Zvcm0tYWdyaWN1bHR1cmFsLXdhc3RlLWludG8tY2xpbWF0ZS1zb2x1dGlvbnMv0gGAAWh0dHBzOi8vd3d3LmNyeXB0by1uZXdzLWZsYXNoLmNvbS92ZWNoYWluLXBhcnRuZXJzLXdpdGgtY2FyYm9uZWVycy10by10cmFuc2Zvcm0tYWdyaWN1bHR1cmFsLXdhc3RlLWludG8tY2xpbWF0ZS1zb2x1dGlvbnMvP2FtcD0x?hl=en-IN&gl=IN&ceid=IN%3Aen
15 hours ago,Shaw Local News Network,Carbon credits for sale by McHenry County Conservation Foundation from former Boy Scout camp near Woodstock,https://news.google.com/articles/CBMiogFodHRwczovL3d3dy5zaGF3bG9jYWwuY29tL25vcnRod2VzdC1oZXJhbGQvMjAyNC8wNy8zMC9jYXJib24tY3JlZGl0cy1mb3Itc2FsZS1ieS1tY2hlbnJ5LWNvdW50eS1jb25zZXJ2YXRpb24tZm91bmRhdGlvbi1mcm9tLWZvcm1lci1ib3ktc2NvdXQtY2FtcC1uZWFyLXdvb2RzdG9jay_SAQA?hl=en-IN&gl=IN&ceid=IN%3Aen
14 hours ago,Shockya.com,The Crown Islands Registry Lead the Charge with Swissx B100 BioDiesel,https://news.google.com/articles/CBMidmh0dHBzOi8vd3d3LnNob2NreWEuY29tL25ld3MvMjAyNC8wNy8zMC9hbnRpZ3VhLWJhcmJ1ZGEtYW5kLXN0LWtpdHRzLW5ldmlzLWxlYWQtdGhlLWNoYXJnZS13aXRoLXN3aXNzeC1iMTAwLWJpb2RpZXNlbC_SAQA?hl=en-IN&gl=IN&ceid=IN%3Aen
16 hours ago,Head Topics,Carbon Credits Found to Be Mostly ‘Ineffective’ in Key Study,https://news.google.com/articles/CBMiXWh0dHBzOi8vaGVhZHRvcGljcy5jb20vY2EvY2FyYm9uLWNyZWRpdHMtZm91bmQtdG8tYmUtbW9zdGx5LWluZWZmZWN0aXZlLWluLWtleS1zdHVkeS01NjY0NjM5ONIBXWh0dHBzOi8vaGVhZHRvcGljcy5jb20vY2EvY2FyYm9uLWNyZWRpdHMtZm91bmQtdG8tYmUtbW9zdGx5LWluZWZmZWN0aXZlLWluLWtleS1zdHVkeS01NjY0NjM5OA?hl=en-IN&gl=IN&ceid=IN%3Aen
17 hours ago,Head Topics,‘No brainer’: Thailand to become second in Southeast Asia to tax carbon emissions,https://news.google.com/articles/CBMiWWh0dHBzOi8vaGVhZHRvcGljcy5jb20vc2cvbm8tYnJhaW5lci10aGFpbGFuZC10by1iZWNvbWUtc2Vjb25kLWluLXNvdXRoZWFzdC1hc2lhLTU2NjMxNDg40gFZaHR0cHM6Ly9oZWFkdG9waWNzLmNvbS9zZy9uby1icmFpbmVyLXRoYWlsYW5kLXRvLWJlY29tZS1zZWNvbmQtaW4tc291dGhlYXN0LWFzaWEtNTY2MzE0ODg?hl=en-IN&gl=IN&ceid=IN%3Aen
