Date,Source,Description,Link
30-07-2024,BSE,Daily Bulletin,https://www.bseindia.com/markets/MarketInfo/DispNewNoticesCirculars.aspx?page=20240730-49
30-07-2024,BSE,Suspension of Trading in Debentures of EDWARD FOOD RESEARCH AND ANALYSIS CENTRE LIMITED,https://www.bseindia.com/markets/MarketInfo/DispNewNoticesCirculars.aspx?page=20240730-48
30-07-2024,BSE,Suspension of Trading in Debentures of ECAP EQUITIES LIMITED,https://www.bseindia.com/markets/MarketInfo/DispNewNoticesCirculars.aspx?page=20240730-47
30-07-2024,BSE,Suspension of Trading in Debentures of ANNAPURNA FINANCE PRIVATE LIMITED,https://www.bseindia.com/markets/MarketInfo/DispNewNoticesCirculars.aspx?page=20240730-46
30-07-2024,BSE,Suspension of Trading in Commercial Paper,https://www.bseindia.com/markets/MarketInfo/DispNewNoticesCirculars.aspx?page=20240730-45
30-07-2024,BSE,Part Redemption of Debentures of EMBASSY PROPERTY DEVELOPMENTS PRIVATE LIMITED,https://www.bseindia.com/markets/MarketInfo/DispNewNoticesCirculars.aspx?page=20240730-44
30-07-2024,BSE,Rights issue of Equity Shares of SWISS MILITARY CONSUMER GOODS LIMITED,https://www.bseindia.com/markets/MarketInfo/DispNewNoticesCirculars.aspx?page=20240730-43
30-07-2024,BSE,Sub-division and Bonus issue of MARUTI INFRASTRUCTURE LTD. (Scrip Code: 531540),https://www.bseindia.com/markets/MarketInfo/DispNewNoticesCirculars.aspx?page=20240730-42
30-07-2024,BSE,Subdivision of Equity Shares of THINKINK PICTUREZ LTD (Scrip Code: 539310).,https://www.bseindia.com/markets/MarketInfo/DispNewNoticesCirculars.aspx?page=20240730-41
30-07-2024,BSE,Scheme of Arrangement (Demerger) of AJMERA REALTY & INFRA INDIA LTD (Scrip Code 513349) ,https://www.bseindia.com/markets/MarketInfo/DispNewNoticesCirculars.aspx?page=20240730-40
30-07-2024,BSE,Order in the matter of front running by Alka Jain (Big Client- Sapphire Intrex Limited).,https://www.bseindia.com/markets/MarketInfo/DispNewNoticesCirculars.aspx?page=20240730-39
30-07-2024,BSE,CHANGES IN PRICE BAND,https://www.bseindia.com/markets/MarketInfo/DispNewNoticesCirculars.aspx?page=20240730-38
30-07-2024,BSE,Clarification received from the company on news article,https://www.bseindia.com/markets/MarketInfo/DispNewNoticesCirculars.aspx?page=20240730-37
30-07-2024,BSE,Clarifications received from the companies,https://www.bseindia.com/markets/MarketInfo/DispNewNoticesCirculars.aspx?page=20240730-36
30-07-2024,BSE,Graded Surveillance Measure (GSM) - List of securities moving into their respective GSM Stages,https://www.bseindia.com/markets/MarketInfo/DispNewNoticesCirculars.aspx?page=20240730-35
30-07-2024,BSE,Applicability of Additional Surveillance Measure,https://www.bseindia.com/markets/MarketInfo/DispNewNoticesCirculars.aspx?page=20240730-34
30-07-2024,BSE,Applicability of Short Term Additional Surveillance Measure (ST-ASM),https://www.bseindia.com/markets/MarketInfo/DispNewNoticesCirculars.aspx?page=20240730-33
30-07-2024,BSE,Listing of further securities issued by the companies under ESOP/ESOS,https://www.bseindia.com/markets/MarketInfo/DispNewNoticesCirculars.aspx?page=20240730-32
30-07-2024,BSE,Listing of New Securities of Panchsheel Organic Ltd.,https://www.bseindia.com/markets/MarketInfo/DispNewNoticesCirculars.aspx?page=20240730-31
30-07-2024,BSE,Listing of New Securities of Megastar Foods Limited,https://www.bseindia.com/markets/MarketInfo/DispNewNoticesCirculars.aspx?page=20240730-30
30-07-2024,BSE,Availability of FRANKLIN INDIA MULTICAP FUND for ongoing transactions on BSE StAR MF Platform,https://www.bseindia.com/markets/MarketInfo/DispNewNoticesCirculars.aspx?page=20240730-29
30-07-2024,BSE,Listing of Securities Srestha Finvest Limited,https://www.bseindia.com/markets/MarketInfo/DispNewNoticesCirculars.aspx?page=20240730-28
30-07-2024,BSE,Listing of 1528 Bonus Equity Shares kept in abeyance of Castrol India Ltd.,https://www.bseindia.com/markets/MarketInfo/DispNewNoticesCirculars.aspx?page=20240730-27
30-07-2024,BSE,Order in the matter of misstatements/irregularities in the financial statements of Omaxe Limited.,https://www.bseindia.com/markets/MarketInfo/DispNewNoticesCirculars.aspx?page=20240730-26
30-07-2024,BSE,Enhanced Surveillance Measure (ESM),https://www.bseindia.com/markets/MarketInfo/DispNewNoticesCirculars.aspx?page=20240730-25
30-07-2024,BSE,Listing of new Commercial Paper of Mirae Asset Financial Services (India) Private Limited ,https://www.bseindia.com/markets/MarketInfo/DispNewNoticesCirculars.aspx?page=20240730-24
30-07-2024,BSE,Listing of new Commercial Paper of Adani Enterprises Ltd. ,https://www.bseindia.com/markets/MarketInfo/DispNewNoticesCirculars.aspx?page=20240730-23
30-07-2024,BSE,Listing of new Commercial Paper of KEC International Ltd. ,https://www.bseindia.com/markets/MarketInfo/DispNewNoticesCirculars.aspx?page=20240730-22
30-07-2024,BSE,Listing of new Commercial Paper of ARKA FINCAP LIMITED,https://www.bseindia.com/markets/MarketInfo/DispNewNoticesCirculars.aspx?page=20240730-21
30-07-2024,BSE,Listing of new Commercial Paper of Axis Finance Limited,https://www.bseindia.com/markets/MarketInfo/DispNewNoticesCirculars.aspx?page=20240730-20
30-07-2024,BSE,Listing of new Commercial Paper of IndoStar Capital Finance Limited ,https://www.bseindia.com/markets/MarketInfo/DispNewNoticesCirculars.aspx?page=20240730-19
30-07-2024,BSE,Listing of new Commercial Paper of BOBCARD Limited,https://www.bseindia.com/markets/MarketInfo/DispNewNoticesCirculars.aspx?page=20240730-18
30-07-2024,BSE,Listing of new Commercial Paper of Tata Housing Development Company Limited,https://www.bseindia.com/markets/MarketInfo/DispNewNoticesCirculars.aspx?page=20240730-17
30-07-2024,BSE,Listing of new Commercial Paper of Indian Oil Corporation Ltd,https://www.bseindia.com/markets/MarketInfo/DispNewNoticesCirculars.aspx?page=20240730-16
30-07-2024,BSE,Listing of new debt securities of Setco Auto Systems Private Limited,https://www.bseindia.com/markets/MarketInfo/DispNewNoticesCirculars.aspx?page=20240730-15
30-07-2024,BSE,Listing of Units of Aditya Birla Sun Life Nifty PSE ETF a scheme under Aditya Birla Sun Life Mutual Fund,https://www.bseindia.com/markets/MarketInfo/DispNewNoticesCirculars.aspx?page=20240730-14
30-07-2024,BSE,Change in Name of the Company.,https://www.bseindia.com/markets/MarketInfo/DispNewNoticesCirculars.aspx?page=20240730-13
30-07-2024,BSE,Market Lot Change for Bonus issue of GOEL FOOD PRODUCTS LIMITED(Scrip Code: 543538),https://www.bseindia.com/markets/MarketInfo/DispNewNoticesCirculars.aspx?page=20240730-12
30-07-2024,BSE,Action against the Defaulting Companies for non-payment of Annual Listing Fees (ALF)  Equity Segment,https://www.bseindia.com/markets/MarketInfo/DispNewNoticesCirculars.aspx?page=20240730-11
30-07-2024,BSE,Addition to the BSE SME IPO INDEX,https://www.bseindia.com/markets/MarketInfo/DispNewNoticesCirculars.aspx?page=20240730-10
30-07-2024,BSE,Introduction of Any Day STP facility under Weekly option in BANDHAN Mutual Fund,https://www.bseindia.com/markets/MarketInfo/DispNewNoticesCirculars.aspx?page=20240730-9
30-07-2024,BSE,Listing of New Securities of VINTAGE COFFEE AND BEVERAGES LIMITED,https://www.bseindia.com/markets/MarketInfo/DispNewNoticesCirculars.aspx?page=20240730-8
30-07-2024,BSE,Suspension of trading in T-Bills ,https://www.bseindia.com/markets/MarketInfo/DispNewNoticesCirculars.aspx?page=20240730-7
30-07-2024,BSE,Resignation of Trading Members ,https://www.bseindia.com/markets/MarketInfo/DispNewNoticesCirculars.aspx?page=20240730-6
30-07-2024,BSE,Non-Competitive Bidding for Auction of GoI dated Securities (G-secs) on August 02 2024,https://www.bseindia.com/markets/MarketInfo/DispNewNoticesCirculars.aspx?page=20240730-5
30-07-2024,BSE,Commencement of business by Trading Member Delta Techinvest Private Limited (Member Code: 6887) in Cash and Equity Derivatives segments,https://www.bseindia.com/markets/MarketInfo/DispNewNoticesCirculars.aspx?page=20240730-4
30-07-2024,BSE,Demat Auction - 682,https://www.bseindia.com/markets/MarketInfo/DispNewNoticesCirculars.aspx?page=20240730-3
30-07-2024,BSE,Forfeiture of Equity Shares of Aarti Surfactants Ltd.,https://www.bseindia.com/markets/MarketInfo/DispNewNoticesCirculars.aspx?page=20240730-2
30-07-2024,BSE,Change in Group of Equity Shares of VVIP Infratech Limited,https://www.bseindia.com/markets/MarketInfo/DispNewNoticesCirculars.aspx?page=20240730-1
29-07-2024,BSE,Order in respect of S.P.Natural Eco-Green Projects (India) Limited,https://www.bseindia.com/markets/MarketInfo/DispNewNoticesCirculars.aspx?page=20240729-48
29-07-2024,BSE,Public Issue of  AKUMS DRUGS AND PHARMACEUTICALS LIMITED - Allocation to Anchor Investors ,https://www.bseindia.com/markets/MarketInfo/DispNewNoticesCirculars.aspx?page=20240729-47
29-07-2024,BSE,Offer to Buy  Acquisition Window (TAKEOVER) for CITYGOLD AND CREDIT CAPITAL LIMITED- Live Activities Schedule,https://www.bseindia.com/markets/MarketInfo/DispNewNoticesCirculars.aspx?page=20240729-46
29-07-2024,BSE,Daily Bulletin,https://www.bseindia.com/markets/MarketInfo/DispNewNoticesCirculars.aspx?page=20240729-45
29-07-2024,BSE,Change in Name of the Company,https://www.bseindia.com/markets/MarketInfo/DispNewNoticesCirculars.aspx?page=20240729-44
29-07-2024,BSE,Rights Entitlements of GACM TECHNOLOGIES LIMITED (EQ-DVR),https://www.bseindia.com/markets/MarketInfo/DispNewNoticesCirculars.aspx?page=20240729-43
29-07-2024,BSE,Pre-Trade Risk Control  Limit Price Protection in Equity Derivatives Segment - Update,https://www.bseindia.com/markets/MarketInfo/DispNewNoticesCirculars.aspx?page=20240729-42
29-07-2024,BSE,Listing of Equity Shares of VVIP Infratech Limited,https://www.bseindia.com/markets/MarketInfo/DispNewNoticesCirculars.aspx?page=20240729-41
29-07-2024,BSE,Rights Entitlements of GACM TECHNOLOGIES LIMITED,https://www.bseindia.com/markets/MarketInfo/DispNewNoticesCirculars.aspx?page=20240729-40
29-07-2024,BSE,Enhanced Surveillance Measure (ESM),https://www.bseindia.com/markets/MarketInfo/DispNewNoticesCirculars.aspx?page=20240729-39
29-07-2024,BSE,Clarifications received from the companies,https://www.bseindia.com/markets/MarketInfo/DispNewNoticesCirculars.aspx?page=20240729-38
29-07-2024,BSE,Applicability of Additional Surveillance Measure,https://www.bseindia.com/markets/MarketInfo/DispNewNoticesCirculars.aspx?page=20240729-37
29-07-2024,BSE,Listing of further securities issued by the companies under ESOP/ESOS,https://www.bseindia.com/markets/MarketInfo/DispNewNoticesCirculars.aspx?page=20240729-36
29-07-2024,BSE,Applicability of Short Term Additional Surveillance Measure (ST-ASM),https://www.bseindia.com/markets/MarketInfo/DispNewNoticesCirculars.aspx?page=20240729-35
29-07-2024,BSE,Graded Surveillance Measure (GSM) - List of securities moving into their respective GSM Stages,https://www.bseindia.com/markets/MarketInfo/DispNewNoticesCirculars.aspx?page=20240729-34
29-07-2024,BSE,CHANGES IN PRICE BAND,https://www.bseindia.com/markets/MarketInfo/DispNewNoticesCirculars.aspx?page=20240729-33
29-07-2024,BSE,Shifting of scrips to Z / ZP/ ZY group,https://www.bseindia.com/markets/MarketInfo/DispNewNoticesCirculars.aspx?page=20240729-32
29-07-2024,BSE,Listing of Securities Sampre Nutritions Ltd,https://www.bseindia.com/markets/MarketInfo/DispNewNoticesCirculars.aspx?page=20240729-31
29-07-2024,BSE,Listing of New Securities of Eiko Lifesciences Ltd,https://www.bseindia.com/markets/MarketInfo/DispNewNoticesCirculars.aspx?page=20240729-30
29-07-2024,BSE,Listing of Secured Redeemable Non-Convertible Debentures of Edelweiss Financial Services Limited,https://www.bseindia.com/markets/MarketInfo/DispNewNoticesCirculars.aspx?page=20240729-29
29-07-2024,BSE,Listing of new Commercial Paper of Reliance Retail Ventures Limited ,https://www.bseindia.com/markets/MarketInfo/DispNewNoticesCirculars.aspx?page=20240729-28
29-07-2024,BSE,Listing of new Commercial Paper of TV18 Broadcast Ltd,https://www.bseindia.com/markets/MarketInfo/DispNewNoticesCirculars.aspx?page=20240729-27
29-07-2024,BSE,Listing of new Commercial Paper of Motilal Oswal Financial Services Limited ,https://www.bseindia.com/markets/MarketInfo/DispNewNoticesCirculars.aspx?page=20240729-26
29-07-2024,BSE,Listing of new Commercial Paper of J.K. CEMENT LTD ,https://www.bseindia.com/markets/MarketInfo/DispNewNoticesCirculars.aspx?page=20240729-25
29-07-2024,BSE,Listing of new Commercial Paper of SBICAP Securities Limited ,https://www.bseindia.com/markets/MarketInfo/DispNewNoticesCirculars.aspx?page=20240729-24
29-07-2024,BSE,Listing of new Commercial Paper of Network 18 Media & Investments Limited ,https://www.bseindia.com/markets/MarketInfo/DispNewNoticesCirculars.aspx?page=20240729-23
29-07-2024,BSE,Listing of new Commercial Paper of CNH Industrial Capital (India) Private Limited ,https://www.bseindia.com/markets/MarketInfo/DispNewNoticesCirculars.aspx?page=20240729-22
29-07-2024,BSE,Listing of new Commercial Paper of Can Fin Homes Ltd.,https://www.bseindia.com/markets/MarketInfo/DispNewNoticesCirculars.aspx?page=20240729-21
29-07-2024,BSE,Listing of new Commercial Paper of Jamnagar Utilities & Power Private Limited,https://www.bseindia.com/markets/MarketInfo/DispNewNoticesCirculars.aspx?page=20240729-20
29-07-2024,BSE,Listing of new debt securities of Godrej Properties Limited,https://www.bseindia.com/markets/MarketInfo/DispNewNoticesCirculars.aspx?page=20240729-19
29-07-2024,BSE,Listing of new debt securities of Universal Sompo General Insurance Company Limited,https://www.bseindia.com/markets/MarketInfo/DispNewNoticesCirculars.aspx?page=20240729-18
29-07-2024,BSE,Listing of new debt securities of IKF Finance Limited,https://www.bseindia.com/markets/MarketInfo/DispNewNoticesCirculars.aspx?page=20240729-17
29-07-2024,BSE,Settlement Schedule Offer to Buy  Acquisition Window (Takeover) for CITY GOLD CREDIT CAPITAL LIMITED.,https://www.bseindia.com/markets/MarketInfo/DispNewNoticesCirculars.aspx?page=20240729-16
29-07-2024,BSE,Listing of Securities of SEPC Limited,https://www.bseindia.com/markets/MarketInfo/DispNewNoticesCirculars.aspx?page=20240729-15
29-07-2024,BSE,Listing of New Securities of RELIANCE INDUSTRIES LTD.,https://www.bseindia.com/markets/MarketInfo/DispNewNoticesCirculars.aspx?page=20240729-14
29-07-2024,BSE,Listing of New Securities of YOGI LIMITED,https://www.bseindia.com/markets/MarketInfo/DispNewNoticesCirculars.aspx?page=20240729-13
29-07-2024,BSE,BCX  Tender Period Margin Tracker  August 2024,https://www.bseindia.com/markets/MarketInfo/DispNewNoticesCirculars.aspx?page=20240729-12
29-07-2024,BSE,Bonus issue of GOEL FOOD PRODUCTS LIMITED(Scrip Code: 543538),https://www.bseindia.com/markets/MarketInfo/DispNewNoticesCirculars.aspx?page=20240729-11
29-07-2024,BSE,New ISIN Number of PANORAMA STUDIOS INTERNATIONAL LTD (Scrip Code: 539469),https://www.bseindia.com/markets/MarketInfo/DispNewNoticesCirculars.aspx?page=20240729-10
29-07-2024,BSE,Suspension of trading in T-Bills ,https://www.bseindia.com/markets/MarketInfo/DispNewNoticesCirculars.aspx?page=20240729-9
29-07-2024,BSE,Resignation of Trading Member ,https://www.bseindia.com/markets/MarketInfo/DispNewNoticesCirculars.aspx?page=20240729-8
29-07-2024,BSE,Demat Auction - 681,https://www.bseindia.com/markets/MarketInfo/DispNewNoticesCirculars.aspx?page=20240729-7
29-07-2024,BSE,Part Redemption of Debentures of KOLTE-PATIL DEVELOPERS LTD,https://www.bseindia.com/markets/MarketInfo/DispNewNoticesCirculars.aspx?page=20240729-6
29-07-2024,BSE,Listing of Equity Shares of VVIP Infratech Limited,https://www.bseindia.com/markets/MarketInfo/DispNewNoticesCirculars.aspx?page=20240729-5
29-07-2024,BSE,Introduction of Additional Contract master file in Equity Derivatives segment,https://www.bseindia.com/markets/MarketInfo/DispNewNoticesCirculars.aspx?page=20240729-4
29-07-2024,BSE,CORPORATE ACTION IN SLB SECURITIES,https://www.bseindia.com/markets/MarketInfo/DispNewNoticesCirculars.aspx?page=20240729-3
29-07-2024,BSE,Resignation of Trading Member,https://www.bseindia.com/markets/MarketInfo/DispNewNoticesCirculars.aspx?page=20240729-2
29-07-2024,BSE,Confirmatory Order in the matter of V Marc India Limited.,https://www.bseindia.com/markets/MarketInfo/DispNewNoticesCirculars.aspx?page=20240729-1
27-07-2024,BSE,Batch upload file format in UCC for updating Depository details,https://www.bseindia.com/markets/MarketInfo/DispNewNoticesCirculars.aspx?page=20240727-3
27-07-2024,BSE,Non-Competitive Bidding Facility for Auction of Treasury Bills (T-Bills) on July 31 2024,https://www.bseindia.com/markets/MarketInfo/DispNewNoticesCirculars.aspx?page=20240727-2
27-07-2024,BSE,Non-Competitive Bidding for Auction of State Government Securities (SDL) on July 30 2024,https://www.bseindia.com/markets/MarketInfo/DispNewNoticesCirculars.aspx?page=20240727-1
26-07-2024,BSE,Resumption of trading in the Partly Paid-up Equity shares of Adroit Infotech Limited (Scrip Code 890196) ,https://www.bseindia.com/markets/MarketInfo/DispNewNoticesCirculars.aspx?page=20240726-60
26-07-2024,BSE,Daily Bulletin,https://www.bseindia.com/markets/MarketInfo/DispNewNoticesCirculars.aspx?page=20240726-59
26-07-2024,BSE,Tender Offer (Buyback) of Equity Shares of WELSPUN LIVING LIMITED,https://www.bseindia.com/markets/MarketInfo/DispNewNoticesCirculars.aspx?page=20240726-58
26-07-2024,BSE,Suspension of Trading in Debentures of INDOSTAR CAPITAL FINANCE LIMITED,https://www.bseindia.com/markets/MarketInfo/DispNewNoticesCirculars.aspx?page=20240726-57
26-07-2024,BSE,Suspension of Trading in Bonds of POWER FINANCE CORPORATION LTD,https://www.bseindia.com/markets/MarketInfo/DispNewNoticesCirculars.aspx?page=20240726-56
26-07-2024,BSE,Suspension of Trading in Debentures of SVATANTRA MICROFIN PRIVATE LIMITED,https://www.bseindia.com/markets/MarketInfo/DispNewNoticesCirculars.aspx?page=20240726-55
26-07-2024,BSE,Suspension of Trading in Debentures of ICICI HOME FINANCE COMPANY LIMITED,https://www.bseindia.com/markets/MarketInfo/DispNewNoticesCirculars.aspx?page=20240726-54
26-07-2024,BSE,Suspension of Trading in Debentures of NEOGROWTH CREDIT PRIVATE LIMITED,https://www.bseindia.com/markets/MarketInfo/DispNewNoticesCirculars.aspx?page=20240726-53
26-07-2024,BSE,Suspension of Trading in Commercial Paper,https://www.bseindia.com/markets/MarketInfo/DispNewNoticesCirculars.aspx?page=20240726-52
26-07-2024,BSE,Part Redemption of Debentures of MAS FINANCIAL SERVICES LIMITED,https://www.bseindia.com/markets/MarketInfo/DispNewNoticesCirculars.aspx?page=20240726-51
26-07-2024,BSE,Norms for acceptable collaterals and exposure of Clearing Corporations,https://www.bseindia.com/markets/MarketInfo/DispNewNoticesCirculars.aspx?page=20240726-50
26-07-2024,BSE,Part Redemption of Debentures of AYE FINANCE PVT. LTD. ,https://www.bseindia.com/markets/MarketInfo/DispNewNoticesCirculars.aspx?page=20240726-49
26-07-2024,BSE,Clarifications received from the companies,https://www.bseindia.com/markets/MarketInfo/DispNewNoticesCirculars.aspx?page=20240726-48
26-07-2024,BSE,Clarification received from the company on news article,https://www.bseindia.com/markets/MarketInfo/DispNewNoticesCirculars.aspx?page=20240726-47
26-07-2024,BSE,Activation of SMART Switch Feature under SBI INNOVATIVE OPPORTUNITIES FUND  NFO on BSE StAR MF platform,https://www.bseindia.com/markets/MarketInfo/DispNewNoticesCirculars.aspx?page=20240726-46
26-07-2024,BSE,Order in the matter of routing of funds to the Indian Securities market using overseas bank accounts with UBS AG.,https://www.bseindia.com/markets/MarketInfo/DispNewNoticesCirculars.aspx?page=20240726-45
26-07-2024,BSE,Redemption Funds payout for Non-Demat Redemption Orders on BseStar MF ,https://www.bseindia.com/markets/MarketInfo/DispNewNoticesCirculars.aspx?page=20240726-44
26-07-2024,BSE,Launch of NFO with SIP facility of SBI Mutual Fund on BSE StAR MF Platform,https://www.bseindia.com/markets/MarketInfo/DispNewNoticesCirculars.aspx?page=20240726-43
26-07-2024,BSE,Listing of new Commercial Paper of IndoStar Capital Finance Limited ,https://www.bseindia.com/markets/MarketInfo/DispNewNoticesCirculars.aspx?page=20240726-42
26-07-2024,BSE,Applicability of Short Term Additional Surveillance Measure (ST-ASM),https://www.bseindia.com/markets/MarketInfo/DispNewNoticesCirculars.aspx?page=20240726-41
26-07-2024,BSE,Discontinuation date of non-encryption channel in production   Update,https://www.bseindia.com/markets/MarketInfo/DispNewNoticesCirculars.aspx?page=20240726-40
26-07-2024,BSE,Resignation of Trading Member,https://www.bseindia.com/markets/MarketInfo/DispNewNoticesCirculars.aspx?page=20240726-39
26-07-2024,BSE,Availability of MIRAE ASSET NIFTY200 ALPHA 30 ETF FUND OF FUND for ongoing transactions on BSE StAR MF Platform,https://www.bseindia.com/markets/MarketInfo/DispNewNoticesCirculars.aspx?page=20240726-38
26-07-2024,BSE,Graded Surveillance Measure (GSM) - List of securities moving into their respective GSM Stages,https://www.bseindia.com/markets/MarketInfo/DispNewNoticesCirculars.aspx?page=20240726-37
26-07-2024,BSE,Enhanced Surveillance Measure (ESM),https://www.bseindia.com/markets/MarketInfo/DispNewNoticesCirculars.aspx?page=20240726-36
26-07-2024,BSE,CHANGES IN PRICE BAND,https://www.bseindia.com/markets/MarketInfo/DispNewNoticesCirculars.aspx?page=20240726-35
26-07-2024,BSE,Applicability of Additional Surveillance Measure,https://www.bseindia.com/markets/MarketInfo/DispNewNoticesCirculars.aspx?page=20240726-34
26-07-2024,BSE,Listing and Trading of Units of Cube Highways Trust pursuant to re-classification of sub-ordinate Units into Ordinary Units ,https://www.bseindia.com/markets/MarketInfo/DispNewNoticesCirculars.aspx?page=20240726-33
26-07-2024,BSE,Listing of further securities issued by the companies under ESOP/ESOS,https://www.bseindia.com/markets/MarketInfo/DispNewNoticesCirculars.aspx?page=20240726-32
26-07-2024,BSE,Applicable Haircut for Collateral (Securities) file,https://www.bseindia.com/markets/MarketInfo/DispNewNoticesCirculars.aspx?page=20240726-31
26-07-2024,BSE,Discontinuation date of non-encryption channel in production -  Update,https://www.bseindia.com/markets/MarketInfo/DispNewNoticesCirculars.aspx?page=20240726-30
26-07-2024,BSE,Availability of TATA NIFTY INDIA TOURISM INDEX FUND for ongoing transactions on BSE StAR MF Platform,https://www.bseindia.com/markets/MarketInfo/DispNewNoticesCirculars.aspx?page=20240726-29
26-07-2024,BSE,Listing of new Commercial Paper of E.I.D. Parry (India) Limited ,https://www.bseindia.com/markets/MarketInfo/DispNewNoticesCirculars.aspx?page=20240726-28
26-07-2024,BSE,Listing of new Commercial Paper of Redington Limited ,https://www.bseindia.com/markets/MarketInfo/DispNewNoticesCirculars.aspx?page=20240726-27
26-07-2024,BSE,Listing of new Commercial Paper of Birla Group Holdings Private Limited ,https://www.bseindia.com/markets/MarketInfo/DispNewNoticesCirculars.aspx?page=20240726-26
26-07-2024,BSE,Listing of new Commercial Paper of Navi Finserv Limited ,https://www.bseindia.com/markets/MarketInfo/DispNewNoticesCirculars.aspx?page=20240726-25
26-07-2024,BSE,Listing of new Commercial Paper of HDFC Securities Limited.,https://www.bseindia.com/markets/MarketInfo/DispNewNoticesCirculars.aspx?page=20240726-24
26-07-2024,BSE,Listing of new Commercial Paper of SBICAP Securities Limited.,https://www.bseindia.com/markets/MarketInfo/DispNewNoticesCirculars.aspx?page=20240726-23
26-07-2024,BSE,Listing of new Commercial Paper of CaratLane Trading Private Limited.,https://www.bseindia.com/markets/MarketInfo/DispNewNoticesCirculars.aspx?page=20240726-22
26-07-2024,BSE,Listing of new Commercial Paper of Bajaj Financial Securities Limited,https://www.bseindia.com/markets/MarketInfo/DispNewNoticesCirculars.aspx?page=20240726-21
26-07-2024,BSE,Listing of new Commercial Paper of Reliance Retail Ventures Limited.,https://www.bseindia.com/markets/MarketInfo/DispNewNoticesCirculars.aspx?page=20240726-20
26-07-2024,BSE,Listing of new debt securities of Shriram Finance Limited,https://www.bseindia.com/markets/MarketInfo/DispNewNoticesCirculars.aspx?page=20240726-19
26-07-2024,BSE,Listing of new Commercial Paper of Axis Securities Limited.,https://www.bseindia.com/markets/MarketInfo/DispNewNoticesCirculars.aspx?page=20240726-18
26-07-2024,BSE,Listing of new debt securities of WAGHOLI ESTATES PRIVATE LIMITED,https://www.bseindia.com/markets/MarketInfo/DispNewNoticesCirculars.aspx?page=20240726-17
26-07-2024,BSE,Listing of new debt securities of DELHI INTERNATIONAL AIRPORT LIMITED,https://www.bseindia.com/markets/MarketInfo/DispNewNoticesCirculars.aspx?page=20240726-16
26-07-2024,BSE,Listing of new Commercial Paper of Adani Enterprises Ltd.,https://www.bseindia.com/markets/MarketInfo/DispNewNoticesCirculars.aspx?page=20240726-15
26-07-2024,BSE,Listing of new Commercial Paper of ONGC Petro additions Limited.,https://www.bseindia.com/markets/MarketInfo/DispNewNoticesCirculars.aspx?page=20240726-14
26-07-2024,BSE,Opening of Offer for Sale for VICEROY HOTELS LTD - Live Activities Schedule,https://www.bseindia.com/markets/MarketInfo/DispNewNoticesCirculars.aspx?page=20240726-13
26-07-2024,BSE,Addition to the BSE IPO INDEX,https://www.bseindia.com/markets/MarketInfo/DispNewNoticesCirculars.aspx?page=20240726-12
26-07-2024,BSE,Listing of Securities Trimurthi Limited,https://www.bseindia.com/markets/MarketInfo/DispNewNoticesCirculars.aspx?page=20240726-11
26-07-2024,BSE,Launch of NFO with SIP facility of BAJAJ FINSERV Mutual Fund on BSE StAR MF Platform,https://www.bseindia.com/markets/MarketInfo/DispNewNoticesCirculars.aspx?page=20240726-10
26-07-2024,BSE,Opening of Offer to Buy  Acquisition Window (Takeover) of City Gold and Credit Capital Limited,https://www.bseindia.com/markets/MarketInfo/DispNewNoticesCirculars.aspx?page=20240726-9
26-07-2024,BSE,Opening of Offer for Sale for Viceroy Hotels Limited,https://www.bseindia.com/markets/MarketInfo/DispNewNoticesCirculars.aspx?page=20240726-8
26-07-2024,BSE,Activation of NIPPON INDIA MONTHLY INTERVAL FUND - SERIES II (Interval Fund) on BSE StAR MF Platform,https://www.bseindia.com/markets/MarketInfo/DispNewNoticesCirculars.aspx?page=20240726-7
26-07-2024,BSE,Revocation of Suspension in trading of equity shares of UFM Industries Ltd. (Scrip Code: 531610),https://www.bseindia.com/markets/MarketInfo/DispNewNoticesCirculars.aspx?page=20240726-6
26-07-2024,BSE,Demat Auction -680,https://www.bseindia.com/markets/MarketInfo/DispNewNoticesCirculars.aspx?page=20240726-5
26-07-2024,BSE,Application for Resignation of Membership,https://www.bseindia.com/markets/MarketInfo/DispNewNoticesCirculars.aspx?page=20240726-4
26-07-2024,BSE,Listing of new debt securities of Aye Finance Pvt. Ltd.,https://www.bseindia.com/markets/MarketInfo/DispNewNoticesCirculars.aspx?page=20240726-3
26-07-2024,BSE,Update Regarding debt securities of Macrotech Developers Ltd,https://www.bseindia.com/markets/MarketInfo/DispNewNoticesCirculars.aspx?page=20240726-2
26-07-2024,BSE,Update Regarding debt securities of Macrotech Developers Ltd	,https://www.bseindia.com/markets/MarketInfo/DispNewNoticesCirculars.aspx?page=20240726-1
25-07-2024,BSE,Daily Bulletin,https://www.bseindia.com/markets/MarketInfo/DispNewNoticesCirculars.aspx?page=20240725-52
25-07-2024,BSE,Part Redemption of Debentures of VISTAAR FINANCIAL SERVICES PVT LTD,https://www.bseindia.com/markets/MarketInfo/DispNewNoticesCirculars.aspx?page=20240725-51
25-07-2024,BSE,Part Redemption of Debentures of INCRED FINANCIAL SERVICES LIMITED,https://www.bseindia.com/markets/MarketInfo/DispNewNoticesCirculars.aspx?page=20240725-50
25-07-2024,BSE,Suspension of Trading in Debentures of 360 ONE Prime Limited,https://www.bseindia.com/markets/MarketInfo/DispNewNoticesCirculars.aspx?page=20240725-49
25-07-2024,BSE,Listing of Equity Shares of SANSTAR LIMITED,https://www.bseindia.com/markets/MarketInfo/DispNewNoticesCirculars.aspx?page=20240725-48
25-07-2024,BSE,Adjustment of Futures and Options contract of Tata Consumer Products Ltd on account of Rights issue,https://www.bseindia.com/markets/MarketInfo/DispNewNoticesCirculars.aspx?page=20240725-47
25-07-2024,BSE,Part Redemption of Debentures of NEOGROWTH CREDIT PRIVATE LIMITED,https://www.bseindia.com/markets/MarketInfo/DispNewNoticesCirculars.aspx?page=20240725-46
25-07-2024,BSE,Listing of new securities of  JTL Industries Ltd,https://www.bseindia.com/markets/MarketInfo/DispNewNoticesCirculars.aspx?page=20240725-45
25-07-2024,BSE,Part Redemption of Debentures of AYE FINANCE PVT. LTD. ,https://www.bseindia.com/markets/MarketInfo/DispNewNoticesCirculars.aspx?page=20240725-44
25-07-2024,BSE,Part Redemption of Debentures of SPANDANA SPHOORTY FINANCIAL LIMITED,https://www.bseindia.com/markets/MarketInfo/DispNewNoticesCirculars.aspx?page=20240725-43
25-07-2024,BSE,Clarifications received from the companies,https://www.bseindia.com/markets/MarketInfo/DispNewNoticesCirculars.aspx?page=20240725-42
25-07-2024,BSE,Listing of Securities Gujarat Toolroom Ltd,https://www.bseindia.com/markets/MarketInfo/DispNewNoticesCirculars.aspx?page=20240725-41
25-07-2024,BSE,Listing of further securities issued by the companies under ESOP/ESOS,https://www.bseindia.com/markets/MarketInfo/DispNewNoticesCirculars.aspx?page=20240725-40
25-07-2024,BSE,Listing of Bonus equity shares of Filtra Consultants and Engineers Limited,https://www.bseindia.com/markets/MarketInfo/DispNewNoticesCirculars.aspx?page=20240725-39
25-07-2024,BSE,Listing of new securities of Yogi Limited,https://www.bseindia.com/markets/MarketInfo/DispNewNoticesCirculars.aspx?page=20240725-38
25-07-2024,BSE,Listing of New Securities of Khadim India Limited,https://www.bseindia.com/markets/MarketInfo/DispNewNoticesCirculars.aspx?page=20240725-37
25-07-2024,BSE,Applicability of Additional Surveillance Measure,https://www.bseindia.com/markets/MarketInfo/DispNewNoticesCirculars.aspx?page=20240725-36
25-07-2024,BSE,Applicability of Short Term Additional Surveillance Measure (ST-ASM),https://www.bseindia.com/markets/MarketInfo/DispNewNoticesCirculars.aspx?page=20240725-35
25-07-2024,BSE,Graded Surveillance Measure (GSM) - List of securities moving into their respective GSM Stages,https://www.bseindia.com/markets/MarketInfo/DispNewNoticesCirculars.aspx?page=20240725-34
25-07-2024,BSE,Enhanced Surveillance Measure (ESM),https://www.bseindia.com/markets/MarketInfo/DispNewNoticesCirculars.aspx?page=20240725-33
25-07-2024,BSE,CHANGES IN PRICE BAND,https://www.bseindia.com/markets/MarketInfo/DispNewNoticesCirculars.aspx?page=20240725-32
25-07-2024,BSE,Order in the matter of Unregistered Investment Advisory Services by Equity Mantra (Proprietor: Mr. Naresh Pal),https://www.bseindia.com/markets/MarketInfo/DispNewNoticesCirculars.aspx?page=20240725-31
25-07-2024,BSE,Listing of New Bonus equity shares of M.M.Forgings Ltd.,https://www.bseindia.com/markets/MarketInfo/DispNewNoticesCirculars.aspx?page=20240725-30
25-07-2024,BSE,Discontinuation of Trading and Delisting of Debentures of Origo Commodities India Private Limited (Scrip Code: 973939 974194 and 974195),https://www.bseindia.com/markets/MarketInfo/DispNewNoticesCirculars.aspx?page=20240725-29
25-07-2024,BSE,Listing of new Commercial Paper of Kotak Securities Limited ,https://www.bseindia.com/markets/MarketInfo/DispNewNoticesCirculars.aspx?page=20240725-28
25-07-2024,BSE,Listing of new Commercial Paper of NeoGrowth Credit Private Limited,https://www.bseindia.com/markets/MarketInfo/DispNewNoticesCirculars.aspx?page=20240725-27
25-07-2024,BSE,Listing of new Commercial Paper of HDFC Securities Limited ,https://www.bseindia.com/markets/MarketInfo/DispNewNoticesCirculars.aspx?page=20240725-26
25-07-2024,BSE,Listing of New Securities of IDFC FIRST BANK LIMITED,https://www.bseindia.com/markets/MarketInfo/DispNewNoticesCirculars.aspx?page=20240725-25
25-07-2024,BSE,Listing of New Securities of Dynamic Cables Limited,https://www.bseindia.com/markets/MarketInfo/DispNewNoticesCirculars.aspx?page=20240725-24
25-07-2024,BSE,Listing of new debt securities of ICL Fincorp Limited,https://www.bseindia.com/markets/MarketInfo/DispNewNoticesCirculars.aspx?page=20240725-23
25-07-2024,BSE,Listing of new debt securities of Axis Finance Limited,https://www.bseindia.com/markets/MarketInfo/DispNewNoticesCirculars.aspx?page=20240725-22
25-07-2024,BSE,Listing of new debt securities of Krazybee Services Private Limited,https://www.bseindia.com/markets/MarketInfo/DispNewNoticesCirculars.aspx?page=20240725-21
25-07-2024,BSE,Listing of new Commercial Paper of Bajaj Financial Securities Limited ,https://www.bseindia.com/markets/MarketInfo/DispNewNoticesCirculars.aspx?page=20240725-20
25-07-2024,BSE,Listing of new Commercial Paper of Navi Finserv Limited,https://www.bseindia.com/markets/MarketInfo/DispNewNoticesCirculars.aspx?page=20240725-19
25-07-2024,BSE,Listing of new Commercial Paper of Adani Enterprises Ltd,https://www.bseindia.com/markets/MarketInfo/DispNewNoticesCirculars.aspx?page=20240725-18
25-07-2024,BSE,Listing of new Commercial Paper of IGH Holdings Private Limited ,https://www.bseindia.com/markets/MarketInfo/DispNewNoticesCirculars.aspx?page=20240725-17
25-07-2024,BSE,Listing of new Commercial Paper of Axis Securities Limited ,https://www.bseindia.com/markets/MarketInfo/DispNewNoticesCirculars.aspx?page=20240725-16
25-07-2024,BSE,Listing of new Commercial Paper of Reliance Retail Ventures Limited ,https://www.bseindia.com/markets/MarketInfo/DispNewNoticesCirculars.aspx?page=20240725-15
25-07-2024,BSE,Listing of new Commercial Paper of NLC Tamilnadu Power Limited ,https://www.bseindia.com/markets/MarketInfo/DispNewNoticesCirculars.aspx?page=20240725-14
25-07-2024,BSE,Listing of new debt securities of INDIABULLS HOUSING FINANCE LIMITED,https://www.bseindia.com/markets/MarketInfo/DispNewNoticesCirculars.aspx?page=20240725-13
25-07-2024,BSE,Listing of new debt securities of Bajaj Housing Finance Limited,https://www.bseindia.com/markets/MarketInfo/DispNewNoticesCirculars.aspx?page=20240725-12
25-07-2024,BSE,Listing of new Treasury Bills (T-Bills),https://www.bseindia.com/markets/MarketInfo/DispNewNoticesCirculars.aspx?page=20240725-11
25-07-2024,BSE,Additional Exposure Margin on Securities under MWPL  August 2024,https://www.bseindia.com/markets/MarketInfo/DispNewNoticesCirculars.aspx?page=20240725-10
25-07-2024,BSE,Commencement of business by Trading Member Neha Forex Pvt. Ltd. (Member Code: 6585) in Cash segment,https://www.bseindia.com/markets/MarketInfo/DispNewNoticesCirculars.aspx?page=20240725-9
25-07-2024,BSE,Listing of Equity Shares of SANSTAR LIMITED,https://www.bseindia.com/markets/MarketInfo/DispNewNoticesCirculars.aspx?page=20240725-8
25-07-2024,BSE,Listing of new debt securities of Indian Renewable Energy Development Agency Limited,https://www.bseindia.com/markets/MarketInfo/DispNewNoticesCirculars.aspx?page=20240725-7
25-07-2024,BSE,Suspension of Trading in Bonds  of GMR Airports Limited,https://www.bseindia.com/markets/MarketInfo/DispNewNoticesCirculars.aspx?page=20240725-6
25-07-2024,BSE,Part Redemption of Debentures of NAMRA FINANCE LIMITED,https://www.bseindia.com/markets/MarketInfo/DispNewNoticesCirculars.aspx?page=20240725-5
25-07-2024,BSE,Part Redemption of Debentures of POWER GRID CORPORATION OF INDIA LIMITED,https://www.bseindia.com/markets/MarketInfo/DispNewNoticesCirculars.aspx?page=20240725-4
25-07-2024,BSE,Suspension of Trading in Debt securities ,https://www.bseindia.com/markets/MarketInfo/DispNewNoticesCirculars.aspx?page=20240725-3
25-07-2024,BSE,Part Redemption of PTCs of Retail Securitisation Opportunities Trust,https://www.bseindia.com/markets/MarketInfo/DispNewNoticesCirculars.aspx?page=20240725-2
25-07-2024,BSE,Demat Auction - 679,https://www.bseindia.com/markets/MarketInfo/DispNewNoticesCirculars.aspx?page=20240725-1
24-07-2024,BSE,Enlistment of entities as Research Analyst and Investment Adviser ,https://www.bseindia.com/markets/MarketInfo/DispNewNoticesCirculars.aspx?page=20240724-58
24-07-2024,BSE,Daily Bulletin,https://www.bseindia.com/markets/MarketInfo/DispNewNoticesCirculars.aspx?page=20240724-57
24-07-2024,BSE,Tender Offer (Buyback) of Equity Shares of AUROBINDO PHARMA LTD.,https://www.bseindia.com/markets/MarketInfo/DispNewNoticesCirculars.aspx?page=20240724-56
24-07-2024,BSE,Part Redemption of Debentures of MANBA FINANCE LIMITED,https://www.bseindia.com/markets/MarketInfo/DispNewNoticesCirculars.aspx?page=20240724-55
24-07-2024,BSE,Part Redemption of Debentures of IOT UTKAL ENERGY SERVICES LIMITED,https://www.bseindia.com/markets/MarketInfo/DispNewNoticesCirculars.aspx?page=20240724-54
24-07-2024,BSE,Suspension of Trading in Commercial Paper,https://www.bseindia.com/markets/MarketInfo/DispNewNoticesCirculars.aspx?page=20240724-53
24-07-2024,BSE,Order in the matter of Prakash Constrowell Limited.,https://www.bseindia.com/markets/MarketInfo/DispNewNoticesCirculars.aspx?page=20240724-52
24-07-2024,BSE,Suspension of Trading in Debentures of VIVRITI CAPITAL LIMITED,https://www.bseindia.com/markets/MarketInfo/DispNewNoticesCirculars.aspx?page=20240724-51
24-07-2024,BSE,Adjustment of Futures and Options Contract of Tata Consumer Products Ltd. on account of Rights Issue,https://www.bseindia.com/markets/MarketInfo/DispNewNoticesCirculars.aspx?page=20240724-50
24-07-2024,BSE,Listing of Bonus equity shares of Clara Industries Limited,https://www.bseindia.com/markets/MarketInfo/DispNewNoticesCirculars.aspx?page=20240724-49
24-07-2024,BSE,Listing of new securities of KBC Global Ltd,https://www.bseindia.com/markets/MarketInfo/DispNewNoticesCirculars.aspx?page=20240724-48
24-07-2024,BSE,CHANGES IN PRICE BAND,https://www.bseindia.com/markets/MarketInfo/DispNewNoticesCirculars.aspx?page=20240724-47
24-07-2024,BSE,Applicability of Additional Surveillance Measure,https://www.bseindia.com/markets/MarketInfo/DispNewNoticesCirculars.aspx?page=20240724-46
24-07-2024,BSE,Applicability of Short Term Additional Surveillance Measure (ST-ASM),https://www.bseindia.com/markets/MarketInfo/DispNewNoticesCirculars.aspx?page=20240724-45
24-07-2024,BSE,Surveillance Measure for securities under IBC,https://www.bseindia.com/markets/MarketInfo/DispNewNoticesCirculars.aspx?page=20240724-44
24-07-2024,BSE,Enhanced Surveillance Measure (ESM),https://www.bseindia.com/markets/MarketInfo/DispNewNoticesCirculars.aspx?page=20240724-43
24-07-2024,BSE,Graded Surveillance Measure (GSM) - List of securities moving into their respective GSM Stages,https://www.bseindia.com/markets/MarketInfo/DispNewNoticesCirculars.aspx?page=20240724-42
24-07-2024,BSE,Clarifications received from the companies,https://www.bseindia.com/markets/MarketInfo/DispNewNoticesCirculars.aspx?page=20240724-41
24-07-2024,BSE,Availability of ICICI PRUDENTIAL ENERGY OPPORTUNITIES FUND for ongoing transactions on BSE StAR MF Platform,https://www.bseindia.com/markets/MarketInfo/DispNewNoticesCirculars.aspx?page=20240724-40
24-07-2024,BSE,Listing of new securities of Last Mile Enterprises Limited,https://www.bseindia.com/markets/MarketInfo/DispNewNoticesCirculars.aspx?page=20240724-39
24-07-2024,BSE,Listing of further securities issued by the companies under ESOP/ESOS,https://www.bseindia.com/markets/MarketInfo/DispNewNoticesCirculars.aspx?page=20240724-38
24-07-2024,BSE,Listing of New Securities of SPECTRUM FOODS LTD,https://www.bseindia.com/markets/MarketInfo/DispNewNoticesCirculars.aspx?page=20240724-37
24-07-2024,BSE,Launch of NFO with SIP facility of INVESCO Mutual Fund on BSE StAR MF Platform,https://www.bseindia.com/markets/MarketInfo/DispNewNoticesCirculars.aspx?page=20240724-36
24-07-2024,BSE,Rights Entitlements of INDOWIND ENERGY LIMITED,https://www.bseindia.com/markets/MarketInfo/DispNewNoticesCirculars.aspx?page=20240724-35
24-07-2024,BSE,Listing of New Securities of Dev Labtech Venture Limited,https://www.bseindia.com/markets/MarketInfo/DispNewNoticesCirculars.aspx?page=20240724-34
24-07-2024,BSE,Listing of Bonus equity shares of Alliance Integrated Metaliks Limited,https://www.bseindia.com/markets/MarketInfo/DispNewNoticesCirculars.aspx?page=20240724-33
24-07-2024,BSE,Listing of new Commercial Paper of SBICAP Securities Limited ,https://www.bseindia.com/markets/MarketInfo/DispNewNoticesCirculars.aspx?page=20240724-32
24-07-2024,BSE,Listing of new Commercial Paper of Bajaj Financial Securities Limited,https://www.bseindia.com/markets/MarketInfo/DispNewNoticesCirculars.aspx?page=20240724-31
24-07-2024,BSE,Listing of new Commercial Paper of Kotak Securities Limited ,https://www.bseindia.com/markets/MarketInfo/DispNewNoticesCirculars.aspx?page=20240724-30
24-07-2024,BSE,Listing of new Commercial Paper of Muthoot Capital Services Ltd,https://www.bseindia.com/markets/MarketInfo/DispNewNoticesCirculars.aspx?page=20240724-29
24-07-2024,BSE,Listing of new Commercial Paper of Fedbank Financial Services Limited.,https://www.bseindia.com/markets/MarketInfo/DispNewNoticesCirculars.aspx?page=20240724-28
24-07-2024,BSE,Listing of new Commercial Paper of HDFC Securities Limited ,https://www.bseindia.com/markets/MarketInfo/DispNewNoticesCirculars.aspx?page=20240724-27
24-07-2024,BSE,Listing of new Commercial Paper of Bajaj Finance Limited,https://www.bseindia.com/markets/MarketInfo/DispNewNoticesCirculars.aspx?page=20240724-26
24-07-2024,BSE,Listing of new Commercial Paper of IndoStar Capital Finance Limited,https://www.bseindia.com/markets/MarketInfo/DispNewNoticesCirculars.aspx?page=20240724-25
24-07-2024,BSE,Listing of new Commercial Paper of Arka Fincap Limited,https://www.bseindia.com/markets/MarketInfo/DispNewNoticesCirculars.aspx?page=20240724-24
24-07-2024,BSE,Launch of NFO with SIP facility of KOTAK Mutual Fund on BSE StAR MF Platform,https://www.bseindia.com/markets/MarketInfo/DispNewNoticesCirculars.aspx?page=20240724-23
24-07-2024,BSE,Listing of new debt securities of HDB FINANCIAL SERVICES LIMITED,https://www.bseindia.com/markets/MarketInfo/DispNewNoticesCirculars.aspx?page=20240724-22
24-07-2024,BSE,Listing of new debt securities of Nuvama Wealth Finance Limited,https://www.bseindia.com/markets/MarketInfo/DispNewNoticesCirculars.aspx?page=20240724-21
24-07-2024,BSE,Listing of new debt securities of Navi Finserv Limited,https://www.bseindia.com/markets/MarketInfo/DispNewNoticesCirculars.aspx?page=20240724-20
24-07-2024,BSE,Listing of new debt securities of HDFC Credila Financial Services Ltd,https://www.bseindia.com/markets/MarketInfo/DispNewNoticesCirculars.aspx?page=20240724-19
24-07-2024,BSE,Listing of New Securities of Fredun Pharmaceuticals Limited,https://www.bseindia.com/markets/MarketInfo/DispNewNoticesCirculars.aspx?page=20240724-18
24-07-2024,BSE,Rights issue of Equity Shares of TATA CONSUMER PRODUCTS LIMITED,https://www.bseindia.com/markets/MarketInfo/DispNewNoticesCirculars.aspx?page=20240724-17
24-07-2024,BSE,New ISIN Number of MAGELLANIC CLOUD LTD (Scrip Code: 538891),https://www.bseindia.com/markets/MarketInfo/DispNewNoticesCirculars.aspx?page=20240724-16
24-07-2024,BSE,Part Redemption of Debentures of SATYA MICROCAPITAL LIMITED ,https://www.bseindia.com/markets/MarketInfo/DispNewNoticesCirculars.aspx?page=20240724-15
24-07-2024,BSE,Part Redemption of PTCs of SANSAR TRUST DEC 2022,https://www.bseindia.com/markets/MarketInfo/DispNewNoticesCirculars.aspx?page=20240724-14
24-07-2024,BSE,Part Redemption of PTCs of VISTA SME 06 2023,https://www.bseindia.com/markets/MarketInfo/DispNewNoticesCirculars.aspx?page=20240724-13
24-07-2024,BSE,Mock Trading on Saturday July 27th 2024 for Commodity Derivatives segment,https://www.bseindia.com/markets/MarketInfo/DispNewNoticesCirculars.aspx?page=20240724-12
24-07-2024,BSE,Mock Trading on Saturday July 27th 2024 for Currency Derivatives segment ,https://www.bseindia.com/markets/MarketInfo/DispNewNoticesCirculars.aspx?page=20240724-11
24-07-2024,BSE,Mock Trading on Saturday July 27th 2024 for Electronic Gold Receipts segment ,https://www.bseindia.com/markets/MarketInfo/DispNewNoticesCirculars.aspx?page=20240724-10
24-07-2024,BSE,Mock Trading on Saturday July 27th 2024 for Equity Derivatives segment,https://www.bseindia.com/markets/MarketInfo/DispNewNoticesCirculars.aspx?page=20240724-9
24-07-2024,BSE,Mock Trading on Saturday July 27th 2024 for Equity segment ,https://www.bseindia.com/markets/MarketInfo/DispNewNoticesCirculars.aspx?page=20240724-8
24-07-2024,BSE,Resignation of Trading Member ,https://www.bseindia.com/markets/MarketInfo/DispNewNoticesCirculars.aspx?page=20240724-7
24-07-2024,BSE,Part Redemption of PTCs,https://www.bseindia.com/markets/MarketInfo/DispNewNoticesCirculars.aspx?page=20240724-6
24-07-2024,BSE,Part Redemption of Debentures of SHRESHTA INFRA PROJECTS PVT LTD,https://www.bseindia.com/markets/MarketInfo/DispNewNoticesCirculars.aspx?page=20240724-5
24-07-2024,BSE,Listing of new debt securities of ReNew Wind Energy (Jamb) Private Limited,https://www.bseindia.com/markets/MarketInfo/DispNewNoticesCirculars.aspx?page=20240724-4
24-07-2024,BSE,Suspension of trading in Debt securities ,https://www.bseindia.com/markets/MarketInfo/DispNewNoticesCirculars.aspx?page=20240724-3
24-07-2024,BSE,Demat Auction - 678,https://www.bseindia.com/markets/MarketInfo/DispNewNoticesCirculars.aspx?page=20240724-2
24-07-2024,BSE,Resignation of Trading Member ,https://www.bseindia.com/markets/MarketInfo/DispNewNoticesCirculars.aspx?page=20240724-1
23-07-2024,BSE,Daily Bulletin,https://www.bseindia.com/markets/MarketInfo/DispNewNoticesCirculars.aspx?page=20240723-42
23-07-2024,BSE,Suspension of Trading in Debentures of INDOSTAR CAPITAL FINANCE LIMITED,https://www.bseindia.com/markets/MarketInfo/DispNewNoticesCirculars.aspx?page=20240723-41
23-07-2024,BSE,Suspension of Trading in Debentures of SHRIRAM FINANCE LIMITED,https://www.bseindia.com/markets/MarketInfo/DispNewNoticesCirculars.aspx?page=20240723-40
23-07-2024,BSE,Suspension of Trading in Debentures of HINDUJA LEYLAND FINANCE LIMITED,https://www.bseindia.com/markets/MarketInfo/DispNewNoticesCirculars.aspx?page=20240723-39
23-07-2024,BSE,Suspension of Trading in Debentures of KLM AXIVA FINVEST LIMITED,https://www.bseindia.com/markets/MarketInfo/DispNewNoticesCirculars.aspx?page=20240723-38
23-07-2024,BSE,Suspension of Trading in Debentures of MUTHOOTTU MINI FINANCIERS LIMITED,https://www.bseindia.com/markets/MarketInfo/DispNewNoticesCirculars.aspx?page=20240723-37
23-07-2024,BSE,Suspension of Trading in Commercial Paper,https://www.bseindia.com/markets/MarketInfo/DispNewNoticesCirculars.aspx?page=20240723-36
23-07-2024,BSE,Part Redemption of Debentures of BIRLA CORPORATION LTD.,https://www.bseindia.com/markets/MarketInfo/DispNewNoticesCirculars.aspx?page=20240723-35
23-07-2024,BSE,Part Redemption of Debentures of SHRIRAM HOUSING FINANCE LIMITED,https://www.bseindia.com/markets/MarketInfo/DispNewNoticesCirculars.aspx?page=20240723-34
23-07-2024,BSE,Part Redemption of PTCs of SHIVAM VI,https://www.bseindia.com/markets/MarketInfo/DispNewNoticesCirculars.aspx?page=20240723-33
23-07-2024,BSE,Enhanced Surveillance Measure (ESM),https://www.bseindia.com/markets/MarketInfo/DispNewNoticesCirculars.aspx?page=20240723-32
23-07-2024,BSE,Clarifications received from the companies,https://www.bseindia.com/markets/MarketInfo/DispNewNoticesCirculars.aspx?page=20240723-31
23-07-2024,BSE,CHANGES IN PRICE BAND,https://www.bseindia.com/markets/MarketInfo/DispNewNoticesCirculars.aspx?page=20240723-30
23-07-2024,BSE,Graded Surveillance Measure (GSM) - List of securities moving into their respective GSM Stages,https://www.bseindia.com/markets/MarketInfo/DispNewNoticesCirculars.aspx?page=20240723-29
23-07-2024,BSE,Applicability of Additional Surveillance Measure,https://www.bseindia.com/markets/MarketInfo/DispNewNoticesCirculars.aspx?page=20240723-28
23-07-2024,BSE,Applicability of Short Term Additional Surveillance Measure (ST-ASM),https://www.bseindia.com/markets/MarketInfo/DispNewNoticesCirculars.aspx?page=20240723-27
23-07-2024,BSE,Listing of new securities of Tata Consumer Products Limited,https://www.bseindia.com/markets/MarketInfo/DispNewNoticesCirculars.aspx?page=20240723-26
23-07-2024,BSE,Listing of Securities Goodluck India Limited,https://www.bseindia.com/markets/MarketInfo/DispNewNoticesCirculars.aspx?page=20240723-25
23-07-2024,BSE,Listing of Securities Dhruv Consultancy Services Limited,https://www.bseindia.com/markets/MarketInfo/DispNewNoticesCirculars.aspx?page=20240723-24
23-07-2024,BSE,Listing of further securities issued by the companies under ESOP/ESOS,https://www.bseindia.com/markets/MarketInfo/DispNewNoticesCirculars.aspx?page=20240723-23
23-07-2024,BSE,Launch of NFO with SIP facility of GROWW Mutual Fund on BSE StAR MF Platform,https://www.bseindia.com/markets/MarketInfo/DispNewNoticesCirculars.aspx?page=20240723-22
23-07-2024,BSE,Listing of new Commercial Paper of HDFC Securities Limited ,https://www.bseindia.com/markets/MarketInfo/DispNewNoticesCirculars.aspx?page=20240723-21
23-07-2024,BSE,Listing of new Commercial Paper of Aditya Birla Fashion and Retail Limited ,https://www.bseindia.com/markets/MarketInfo/DispNewNoticesCirculars.aspx?page=20240723-20
23-07-2024,BSE,Listing of new Commercial Paper of ICICI Home Finance Company Limited ,https://www.bseindia.com/markets/MarketInfo/DispNewNoticesCirculars.aspx?page=20240723-19
23-07-2024,BSE,Listing of new Commercial Paper of Bajaj Finance Limited ,https://www.bseindia.com/markets/MarketInfo/DispNewNoticesCirculars.aspx?page=20240723-18
23-07-2024,BSE,Listing of new Commercial Paper of Nuvama Wealth Finance Limited ,https://www.bseindia.com/markets/MarketInfo/DispNewNoticesCirculars.aspx?page=20240723-17
23-07-2024,BSE,Listing of new Commercial Paper of Himadri Speciality Chemical Ltd,https://www.bseindia.com/markets/MarketInfo/DispNewNoticesCirculars.aspx?page=20240723-16
23-07-2024,BSE,Listing of new debt securities of Shriram Finance Limited,https://www.bseindia.com/markets/MarketInfo/DispNewNoticesCirculars.aspx?page=20240723-15
23-07-2024,BSE,Listing of new debt securities of POWER GRID CORPORATION OF INDIA LIMITED,https://www.bseindia.com/markets/MarketInfo/DispNewNoticesCirculars.aspx?page=20240723-14
23-07-2024,BSE,Admission of New Member,https://www.bseindia.com/markets/MarketInfo/DispNewNoticesCirculars.aspx?page=20240723-13
23-07-2024,BSE,Admission of Member  Additional Segment,https://www.bseindia.com/markets/MarketInfo/DispNewNoticesCirculars.aspx?page=20240723-12
23-07-2024,BSE,Listing of Units Of ICICI Prudential Nifty Oil & Gas ETF a scheme under ICICI Prudential Mutual Fund,https://www.bseindia.com/markets/MarketInfo/DispNewNoticesCirculars.aspx?page=20240723-11
23-07-2024,BSE,Change in group of Equity shares of LS Industries Ltd. (Scrip Code: 514446) ,https://www.bseindia.com/markets/MarketInfo/DispNewNoticesCirculars.aspx?page=20240723-10
23-07-2024,BSE,Listing of new securities of  Vedanta Limited,https://www.bseindia.com/markets/MarketInfo/DispNewNoticesCirculars.aspx?page=20240723-9
23-07-2024,BSE,Demat Auction -677,https://www.bseindia.com/markets/MarketInfo/DispNewNoticesCirculars.aspx?page=20240723-8
23-07-2024,BSE,Sub-Division of Equity Shares of PANORAMA STUDIOS INTERNATIONAL LTD (Scrip Code: 539469).,https://www.bseindia.com/markets/MarketInfo/DispNewNoticesCirculars.aspx?page=20240723-7
23-07-2024,BSE,Listing of new debt securities of Hinduja Leyland Finance Limited,https://www.bseindia.com/markets/MarketInfo/DispNewNoticesCirculars.aspx?page=20240723-6
23-07-2024,BSE,Suspension of Trading in Commercial Paper,https://www.bseindia.com/markets/MarketInfo/DispNewNoticesCirculars.aspx?page=20240723-5
23-07-2024,BSE,Suspension of trading in Government Bonds,https://www.bseindia.com/markets/MarketInfo/DispNewNoticesCirculars.aspx?page=20240723-4
23-07-2024,BSE,Application for Resignation of Membership,https://www.bseindia.com/markets/MarketInfo/DispNewNoticesCirculars.aspx?page=20240723-3
23-07-2024,BSE,CORPORATE ACTION IN SLB SECURITIES,https://www.bseindia.com/markets/MarketInfo/DispNewNoticesCirculars.aspx?page=20240723-2
23-07-2024,BSE,Non-Competitive Bidding for Auction of GoI dated Securities (G-secs) on July 26 2024,https://www.bseindia.com/markets/MarketInfo/DispNewNoticesCirculars.aspx?page=20240723-1
01-07-2024,Ministry of Power,Request for comments on draft revised Guidelines on Electric Vehicle Charging Infrastructure for EVs prepared by Ministry of Power – reg,https://powermin.gov.in/sites/default/files/Request_for_comments_on_draft_revised_Guidelines_on_Electric_Vehicle_Charging_Infrastructure_for_EV.pdf
27-06-2024,Ministry of Power,Advisory to all GENCOs including Independent Power Producers (IPPs) for timely Import of Coal for blending purposes and maximizing production in captive coal mines - reg.,https://powermin.gov.in/sites/default/files/Advisory_dated_27_06_2024_merged.pdf
20-06-2024,Ministry of Power,Public Procurement (Preference to Make in India) to provide for Purchase Preference (linked with local content) in respect of Power Sector- Revision,https://powermin.gov.in/sites/default/files/Public_Procurement_Preference_to_Make_in_India_to_provide_for_Purchase_Preference_linked_with_local_content_in_respect_of_Power_Sector_Revision.pdf
14-06-2024,Ministry of Power,Guidelines for payment of compensation in regard to Right of way (RoW) for transmission lines,https://powermin.gov.in/sites/default/files/Guidelines_for_payment_of_compensation_in_regard_to_Right_of_way_RoW_for_transmission_lines.pdf
31-05-2024,Ministry of Power,MoU 2023-24 signed between MoP and NHPC Limited,https://powermin.gov.in/sites/default/files/Signed_copy_of_MoU_2023_24_0.pdf
22-05-2024,Ministry of Power,"Vacancy Circular dated 22.05.2024 for the post of Member, JERC for UT of J&K and UT of Ladakh",https://powermin.gov.in/sites/default/files/Vacancy_Circular_for_the_post_of_Member_JERC_for_UT_of_J%26K_and_UT_of_Ladakh.pdf
14-05-2024,Ministry of Power,Clarification to Revised Policy for Biomass Utilization for Power Generation through Co-firing in Coal based Power Plants issued on O8.1O.2O21 - reg,https://powermin.gov.in/sites/default/files/Clarification_to_Revised_Policy_for_Biomass_Utilization_for_Power.pdf
02-05-2024,Ministry of Power,"Selection for the post of Director (Finance), SJVN Limited, a schedule 'A' CPSE",https://powermin.gov.in/sites/default/files/Selection_for_the_post_of_Directo_Finance_SJVN_Limited.pdf
24-04-2024,Ministry of Power,Public Procurement (Preference to Make in India) to provide for Purchase Preference (linked with local content) in respect of Power Sector- Revision,https://powermin.gov.in/sites/default/files/Public_Procurement_Preference_to_Make_in_India_to_provide_for_Purchase_Preference_linked_with_local_content_in_respect_of_Power_Revision.pdf
15-03-2024,Ministry of Power,Methodology for allocation of coal as per provisions of Para B(viii)(a) of SHAKTI Policy of Ministry of Coa,https://powermin.gov.in/sites/default/files/Methodology_for_allocation_of_coal_as_per_provisions_of_Para_B_viii_a_of_SHAKTI_Policy_of_Ministry_of_Coal.pdf
14-03-2024,Ministry of Power,"Electricity (Third Amendment) Rules, 2024",https://powermin.gov.in/sites/default/files/Electricity_Third_Amendment_Rules_2024.pdf
13-03-2024,Ministry of Power,"Vacancy Circular dated 13.03.2024 for the post of Member (Finance), Central Electricity Regulatory Commission",https://powermin.gov.in/sites/default/files/vacancy_circular_dtd_13032024_for_Member_Fin_CERC.pdf
04-03-2024,Ministry of Power,Advisory to all GENCOs including Independent Power Producers (IPPs) for timely Import of Coal for blending purposes and maximizing production in captive coal mines,https://powermin.gov.in/sites/default/files/MoP_advisory_dated_04_03_2024_for_timely_Import_of_Coal_for_blending_purposes_and_maximizing_production_in_captive_coal_mines.pdf
29-02-2024,Ministry of Power,Report of the Committee Constituted by MoP to examine different modes of Contracting and restructure relevant provisions of contracts in Hydro Power Sector,https://powermin.gov.in/sites/default/files/Report_of_the_Committee_Constituted_by_MoP_to_examine_different_modes_of_Contracting_and_restructure_relevant_provisions_of_contracts_in_Hydro_Power_Sector.pdf
23-02-2024,Ministry of Power,"Electricity (Rights of Consumers) Amendment Rules, 2024",https://powermin.gov.in/sites/default/files/Electricity_Rights_of_Consumers_Amendment_Rules_2024_0.pdf
19-02-2024,Ministry of Power,"Alignment with Open Access Regulations, on aggregation basis-reg.",https://powermin.gov.in/sites/default/files/Alignment_with_Open_Access_Regulations_GEOA_12022024.pdf
16-02-2024,Ministry of Power,"Seeking comments on draft Electricity (Third Amendment) Rules, 2024",https://powermin.gov.in/sites/default/files/Seeking_comments_on_draft_%20Electricity_Third_Amendment_Rules_2024.pdf
09-02-2024,Ministry of Power,"Selection for the post of Director (Operations), Power Grid Corporation of lndia Limited (PGCIL",https://powermin.gov.in/sites/default/files/Selection_for_the_post_of_Director_Operations_Power_Grid_Corporation.pdf
09-02-2024,Ministry of Power,Selection for the post of CMD-SJVN Limited,https://powermin.gov.in/sites/default/files/Selection_of_the_Post_CMD_SJVN.pdf
01-02-2024,Ministry of Power,"Electricity (Amendment) Rules, 2024 notified on 10th January, 2024",https://powermin.gov.in/sites/default/files/Electricity_Amendment_Rules_first_amendment_of_2024.pdf
01-02-2024,Ministry of Power,"Electricity (Second Amendment) Rules, 2024 notified on 17th January, 2024",https://powermin.gov.in/sites/default/files/Electricity_Second_Amendment_Rules_2024.pdf
05-01-2024,Ministry of Power,Appointment to the post of Excutive Director(ED) in REC Ltd. on deputation,https://powermin.gov.in/sites/default/files/Appointment_to_the_post_of_Excutive_Director_in_REC_Ltd_on_deputation.pdf
14-12-2023,Ministry of Power,"Seeking comments on draft Electricity (Late Payment Surcharge and Related Matters) Amendment Rules, 2023",https://powermin.gov.in/sites/default/files/Seeking_comments_on_draft_Electricity_Late_Payment_Surcharge_and_Related_Matters_Amendment_Rules_2023.pdf
14-12-2023,Ministry of Power,"Seeking comments on draft Electricity (Rights of Consumers) Second Amendment Rules, 2023",https://powermin.gov.in/sites/default/files/Seeking_comments_on_draft_electricity_rights_of_consumers_rules_2020.pdf
08-12-2023,Ministry of Power,"Selection for the post of Director (Personnel), SJVN Limited, a schedule 'A' CPSE",https://powermin.gov.in/sites/default/files/Selection_for_the_post_of_Director_Personnel_SJVN_Limited_A_schedule_A_CPSE.pdf
05-12-2023,Ministry of Power,"Selection for the post of Director(Projects) in NHPC Limited, a schedule ""A"" CPSE- reg.",https://powermin.gov.in/sites/default/files/Selection_for_the_post_of_Director_Projects_in_NHPC_Limited_a_schedule_A_CPSE_0.pdf
05-12-2023,Ministry of Power,"Selection for the post of Director (Finance), THDC India Limited, a schedule 'A' CPSE",https://powermin.gov.in/sites/default/files/Selection_for_the_post_of_Director_Finance_THDC_India_Limited_a_schedule_A_CPSE.pdf
13-11-2023,Ministry of Power,"Vacancy Circular for selection of the post of Member, Central Electricity Regulatory Commission",https://powermin.gov.in/sites/default/files/Vacancy_Circular_for_selection_of_the_post_of_Member_CERC.pdf
11-11-2023,Ministry of Power,Price Benchmarking of Biomass Pellets for co-firing in Thermal Power Plants for Western Region,https://powermin.gov.in/sites/default/files/MoP_Advisory_letter_dated_08112023_Western_Region.pdf
11-11-2023,Ministry of Power,Price Benchmarking of Biomass Pellets for co-firing in Thermal Power Plants for Northern Region (excluding NCR),https://powermin.gov.in/sites/default/files/Price_Benchmarking_of_Biomass_Pellets_for_co_firing_in_Thermal_Power_Plants_for_Northern_Region_excluding_NCR_0.pdf
30-07-2024,SEBI,"Exemption Order under Regulation 11 of SEBI (SAST) Regulations, 2011 in the matter of Nuvoco Vistas Corporation Limited",https://www.sebi.gov.in/enforcement/orders/jul-2024/exemption-order-under-regulation-11-of-sebi-sast-regulations-2011-in-the-matter-of-nuvoco-vistas-corporation-limited_85297.html
30-07-2024,SEBI,Adjudication Order in the matter of 5 Paisa Capital Limited,https://www.sebi.gov.in/enforcement/orders/jul-2024/adjudication-order-in-the-matter-of-5-paisa-capital-limited_85291.html
30-07-2024,SEBI,Adjudication Order in the matter of IIFL Securities Limited,https://www.sebi.gov.in/enforcement/orders/jul-2024/adjudication-order-in-the-matter-of-iifl-securities-limited_85293.html
30-07-2024,SEBI,Order in the matter of front running by Alka Jain,https://www.sebi.gov.in/enforcement/orders/jul-2024/order-in-the-matter-of-front-running-by-alka-jain_85295.html
30-07-2024,SEBI,Final Order in the matter of misstatements and irregularities in the financial statements of Omaxe Limited,https://www.sebi.gov.in/enforcement/orders/jul-2024/final-order-in-the-matter-of-misstatements-and-irregularities-in-the-financial-statements-of-omaxe-limited_85289.html
30-07-2024,SEBI,"Prohibitory Order No. 1013/2024 dated July 30, 2024 issued in the matter of Sanghi Plantations Limited under Recovery Certificate No. 3168 of 2020",https://www.sebi.gov.in/enforcement/recovery-proceedings/jul-2024/prohibitory-order-no-1013-2024-dated-july-30-2024-issued-in-the-matter-of-sanghi-plantations-limited-under-recovery-certificate-no-3168-of-2020_85288.html
30-07-2024,SEBI,"Unserved Show Cause Notice dated May 10, 2024 with respect to Noticee 1 (Geoshine Mines 2 Metals Ltd), Noticee 4 (Deena Nath Maurya), Noticee 6 (Arvind Tiwari), Noticee 9 (Ramendra Prasad Sharma), Noticee 10 (Raj Kumar Verma) and Noticee 12 (Bharat Subhash Prasad Maurya) in the matter of Geoshine Mines 2 Metals Limited",https://www.sebi.gov.in/enforcement/unserved-summons-notices/jul-2024/unserved-show-cause-notice-dated-may-10-2024-with-respect-to-noticee-1-geoshine-mines-2-metals-ltd-noticee-4-deena-nath-maurya-noticee-6-arvind-tiwari-noticee-9-ramendra-prasad-sharma-no-_85286.html
30-07-2024,SEBI,RNFI SERVICES LIMITED,https://www.sebi.gov.in/filings/public-issues/jul-2024/rnfi-services-limited_85285.html
30-07-2024,SEBI,PICTUREPOST STUDIOS LIMITED,https://www.sebi.gov.in/filings/public-issues/jul-2024/picturepost-studios-limited_85283.html
30-07-2024,SEBI,STANDARD GLASS LINING TECHNOLOGY LIMITED,https://www.sebi.gov.in/filings/public-issues/jul-2024/standard-glass-lining-technology-limited_85281.html
30-07-2024,SEBI,Consultation Paper on Measures to strengthen index derivatives framework for increased Investor protection and Market stability Click here to provide your comments,https://www.sebi.gov.in/reports-and-statistics/reports/jul-2024/consultation-paper-on-measures-to-strengthen-index-derivatives-framework-for-increased-investor-protection-and-market-stability_85279.html
30-07-2024,SEBI,Consultation paper on proposal to improve ease of doing business with respect to the additional disclosure framework for large FPIs Click here to provide your comments,https://www.sebi.gov.in/reports-and-statistics/reports/jul-2024/consultation-paper-on-proposal-to-improve-ease-of-doing-business-with-respect-to-the-additional-disclosure-framework-for-large-fpis_85277.html
30-07-2024,SEBI,DHARIWALCORP LIMITED,https://www.sebi.gov.in/filings/public-issues/jul-2024/dhariwalcorp-limited_85273.html
30-07-2024,SEBI,Invesco India Technology Innovators Fund,https://www.sebi.gov.in/filings/mutual-funds/jul-2024/invesco-india-technology-innovators-fund_85259.html
30-07-2024,SEBI,Kotak MNC Fund,https://www.sebi.gov.in/filings/mutual-funds/jul-2024/kotak-mnc-fund_85257.html
29-07-2024,SEBI,Kothari Industrial Corporation Limited,https://www.sebi.gov.in/filings/takeovers/jul-2024/kothari-industrial-corporation-limited_85276.html
29-07-2024,SEBI,Ceigall India Limited-RHP,https://www.sebi.gov.in/filings/public-issues/jul-2024/ceigall-india-limited-rhp_85262.html
29-07-2024,SEBI,Indostar Capital Finance Limited – Draft Prospectus,https://www.sebi.gov.in/filings/debt-offer-document/jul-2024/indostar-capital-finance-limited-draft-prospectus_85261.html
29-07-2024,SEBI,SEBI launches chatbot “SEVA” for investors,https://www.sebi.gov.in/media-and-notifications/press-releases/jul-2024/sebi-launches-chatbot-seva-for-investors_85254.html
29-07-2024,SEBI,Order in respect of S.P.Natural Eco Green Projects India Limited,https://www.sebi.gov.in/enforcement/orders/jul-2024/order-in-respect-of-s-p-natural-eco-green-projects-india-limited_85253.html
29-07-2024,SEBI,Adjudication Order in the matter of inspection of Pantomath Capital Advisors Private Limited,https://www.sebi.gov.in/enforcement/orders/jul-2024/adjudication-order-in-the-matter-of-inspection-of-pantomath-capital-advisors-private-limited_85251.html
29-07-2024,SEBI,"Consultation Paper on proposed amendments to the SEBI (Prohibition of Insider Trading) Regulations, 2015 to rationalize the scope of the expression ‘connected person’, while not increasing compliance requirements Click here to provide your comments",https://www.sebi.gov.in/reports-and-statistics/reports/jul-2024/consultation-paper-on-proposed-amendments-to-the-sebi-prohibition-of-insider-trading-regulations-2015-to-rationalize-the-scope-of-the-expression-connected-person-while-not-increasing-compliance-_85249.html
29-07-2024,SEBI,Notices of Attachment dated 29.07.2024 under Recovery Certificate No. 7787 of 2024 issued against Indira Prashant Karkera (PAN: ADUPK3802B) in the matter of Sharepro Services (I) Private Limited.,https://www.sebi.gov.in/enforcement/recovery-proceedings/jul-2024/notices-of-attachment-dated-29-07-2024-under-recovery-certificate-no-7787-of-2024-issued-against-indira-prashant-karkera-pan-adupk3802b-in-the-matter-of-sharepro-services-i-private-limited-_85247.html
29-07-2024,SEBI,SEBI Bulletin - July 2024 [MSExcel]   [Annexure Tables],https://www.sebi.gov.in/reports-and-statistics/publications/jul-2024/sebi-bulletin-july-2024_85245.html
29-07-2024,SEBI,Appeal No.6074 of 2024 filed by Amar Patil,https://www.sebi.gov.in/enforcement/orders/jul-2024/appeal-no-6074-of-2024-filed-by-amar-patil_85243.html
29-07-2024,SEBI,UTSSAV CZ GOLD JEWELS LIMITED,https://www.sebi.gov.in/filings/public-issues/jul-2024/utssav-cz-gold-jewels-limited_85241.html
29-07-2024,SEBI,Appeal No.6073 of 2024 filed by Sonia Nagpal,https://www.sebi.gov.in/enforcement/orders/jul-2024/appeal-no-6073-of-2024-filed-by-sonia-nagpal_85239.html
29-07-2024,SEBI,Appeal No.6072 of 2024 filed by Karthikeyan A,https://www.sebi.gov.in/enforcement/orders/jul-2024/appeal-no-6072-of-2024-filed-by-karthikeyan-a_85237.html
29-07-2024,SEBI,Appeal No.6071 of 2024 filed by Naresh Kumar,https://www.sebi.gov.in/enforcement/orders/jul-2024/appeal-no-6071-of-2024-filed-by-naresh-kumar_85236.html
29-07-2024,SEBI,Appeal No.6070 of 2024 filed by Kulvinder Singh,https://www.sebi.gov.in/enforcement/orders/jul-2024/appeal-no-6070-of-2024-filed-by-kulvinder-singh_85235.html
29-07-2024,SEBI,Release order for Recovery Certificate No. RC7738 of 2024 in respect of Moreplus Merchants Pvt Ltd (PAN: AAFCM6761L) in the matter of Mangalam Industrial Finance Ltd.,https://www.sebi.gov.in/enforcement/recovery-proceedings/jul-2024/release-order-for-recovery-certificate-no-rc7738-of-2024-in-respect-of-moreplus-merchants-pvt-ltd-pan-aafcm6761l-in-the-matter-of-mangalam-industrial-finance-ltd-_85233.html
29-07-2024,SEBI,Completion of Recovery Certificate No. RC7738 of 2024 in respect of Moreplus Merchants Pvt Ltd (PAN: AAFCM6761L) in the matter of Mangalam Industrial Finance Ltd.,https://www.sebi.gov.in/enforcement/recovery-proceedings/jul-2024/completion-of-recovery-certificate-no-rc7738-of-2024-in-respect-of-moreplus-merchants-pvt-ltd-pan-aafcm6761l-in-the-matter-of-mangalam-industrial-finance-ltd-_85232.html
29-07-2024,SEBI,"Public Notice for e-Auction of immoveable properties relating to Golden Life Agro India Ltd., RTC Properties India Ltd., Orion Industries Ltd. & Rakhal Bharoti Group Of Companies Corrigendum",https://www.sebi.gov.in/enforcement/auction-notice-under-recovery-proceedings/jul-2024/public-notice-for-e-auction-of-immoveable-properties-relating-to-golden-life-agro-india-ltd-rtc-properties-india-ltd-orion-industries-ltd-and-rakhal-bharoti-group-of-companies_85231.html
29-07-2024,SEBI,Aditya Birla Sun Life CRISIL 10 Year Gilt ETF,https://www.sebi.gov.in/filings/mutual-funds/jul-2024/aditya-birla-sun-life-crisil-10-year-gilt-etf_85227.html
29-07-2024,SEBI,Aditya Birla Sun Life Nifty India Defence Index Fund,https://www.sebi.gov.in/filings/mutual-funds/jul-2024/aditya-birla-sun-life-nifty-india-defence-index-fund_85226.html
29-07-2024,SEBI,"Hearing Notice dated July 29, 2024 issued to Commodity Pandit/Services :Proprietor-Ms. Meenu Sharma in the matter of Unregistered Investment Advisor –Commodity Pandit/Services: Prop Meenu Sharma & PC Global Research : Prop Neha Goel",https://www.sebi.gov.in/enforcement/unserved-summons-notices/jul-2024/hearing-notice-dated-july-29-2024-issued-to-commodity-pandit-services-proprietor-ms-meenu-sharma-in-the-matter-of-unregistered-investment-advisor-commodity-pandit-services-prop-meenu-sharma-and-pc-_85224.html
29-07-2024,SEBI,"Hearing Notice dated July 29, 2024 issued to PC Global Research :Proprietor- Ms. Neha Goel in the matter of Unregistered Investment Advisor –Commodity Pandit/Services: Prop Meenu Sharma & PC Global Research : Prop Neha Goel",https://www.sebi.gov.in/enforcement/unserved-summons-notices/jul-2024/hearing-notice-dated-july-29-2024-issued-to-pc-global-research-proprietor-ms-neha-goel-in-the-matter-of-unregistered-investment-advisor-commodity-pandit-services-prop-meenu-sharma-and-pc-global-re-_85222.html
29-07-2024,SEBI,"Show Cause Notice dated June 11, 2024 issued to (1) Commodity Pandit/Services :Proprietor-Ms. Meenu Sharma & (2) PC Global Research :Proprietor- Ms. Neha Goel in the matter of Unregistered Investment Advisor –Commodity Pandit/Services: Prop Meenu Sharma & PC Global Research : Prop Neha Goel",https://www.sebi.gov.in/enforcement/unserved-summons-notices/jul-2024/show-cause-notice-dated-june-11-2024-issued-to-1-commodity-pandit-services-proprietor-ms-meenu-sharma-and-2-pc-global-research-proprietor-ms-neha-goel-in-the-matter-of-unregistered-investment-_85221.html
26-07-2024,SEBI,Notice of Demand for Recovery Certificate No. 7907 of 2024 against Earth Exim Limited in the matter of trading by certain entities in the scrip of Universal Credit and Securities limited,https://www.sebi.gov.in/enforcement/recovery-proceedings/jul-2024/notice-of-demand-for-recovery-certificate-no-7907-of-2024-against-earth-exim-limited-in-the-matter-of-trading-by-certain-entities-in-the-scrip-of-universal-credit-and-securities-limited_85255.html
26-07-2024,SEBI,Johnson Controls-Hitachi Air Conditioning India Limited,https://www.sebi.gov.in/filings/takeovers/jul-2024/johnson-controls-hitachi-air-conditioning-india-limited_85218.html
26-07-2024,SEBI,Notice of Demand for Recovery Certificate No. 7905 of 2024 against Earth Exim Limited in the matter of trading by certain entities in the scrip of Universal Credit and Securities limited,https://www.sebi.gov.in/enforcement/recovery-proceedings/jul-2024/notice-of-demand-for-recovery-certificate-no-7905-of-2024-against-earth-exim-limited-in-the-matter-of-trading-by-certain-entities-in-the-scrip-of-universal-credit-and-securities-limited_85216.html
26-07-2024,SEBI,Confirmatory Order in the matter of V Marc India Limited,https://www.sebi.gov.in/enforcement/orders/jul-2024/confirmatory-order-in-the-matter-of-v-marc-india-limited_85214.html
26-07-2024,SEBI,Order in respect of Vijay Mallya in the matter of routing of funds to the Indian Securities Market using overseas bank accounts with UBS AG,https://www.sebi.gov.in/enforcement/orders/jul-2024/order-in-respect-of-vijay-mallya-in-the-matter-of-routing-of-funds-to-the-indian-securities-market-using-overseas-bank-accounts-with-ubs-ag_85212.html
26-07-2024,SEBI,UTSSAV CZ GOLD JEWELS LIMITED,https://www.sebi.gov.in/filings/public-issues/jul-2024/utssav-cz-gold-jewels-limited_85207.html
26-07-2024,SEBI,SATI POLY PLAST LIMITED,https://www.sebi.gov.in/filings/public-issues/jul-2024/sati-poly-plast-limited_85205.html
26-07-2024,SEBI,UTSSAV CZ GOLD JEWELS LIMITED,https://www.sebi.gov.in/filings/public-issues/jul-2024/utssav-cz-gold-jewels-limited_85198.html
26-07-2024,SEBI,Western Ministil Limited,https://www.sebi.gov.in/filings/takeovers/jul-2024/western-ministil-limited_85197.html
26-07-2024,SEBI,Paragon Finance Limited,https://www.sebi.gov.in/filings/takeovers/jul-2024/paragon-finance-limited_85196.html
26-07-2024,SEBI,Processing Status : Issues,https://www.sebi.gov.in/filings/processing-status/jul-2024/processing-status-issues_59558.html
26-07-2024,SEBI,Processing status - Scheme of Arrangement.,https://www.sebi.gov.in/filings/processing-status/jul-2024/processing-status-scheme-of-arrangement-_48125.html
29-07-2024,NSE,Listing of further issue of Securities.,https://nsearchives.nseindia.com/content/circulars/CML63126.pdf
29-07-2024,NSE,Reversal Trade Cancellation Mechanism (RTCM),https://nsearchives.nseindia.com/content/circulars/SURV63125.zip
29-07-2024,NSE,Listing of further issue of Kck Industries Limited,https://nsearchives.nseindia.com/content/circulars/CML63124.pdf
29-07-2024,NSE,Order in respect of S.P. Natural Eco-Green Projects (India) Limited,https://nsearchives.nseindia.com/content/circulars/INVG63123.pdf
29-07-2024,NSE,Confirmatory Order in the matter of V Marc India Limited,https://nsearchives.nseindia.com/content/circulars/INVG63122.pdf
29-07-2024,NSE,Listing of further issue of Reliance Industries Limited,https://nsearchives.nseindia.com/content/circulars/CML63121.pdf
29-07-2024,NSE,Listing of Equity Shares of Avantel Limited (New Listing),https://nsearchives.nseindia.com/content/circulars/CML63120.zip
29-07-2024,NSE,Trading of Rights Entitlements pursuant to Rights Issue of GACM Technologies Limited,https://nsearchives.nseindia.com/content/circulars/CML63119.pdf
29-07-2024,NSE,Listing of privately placed securities on the debt market segment of the Exchange,https://nsearchives.nseindia.com/content/circulars/CML63118.pdf
29-07-2024,NSE,Listing of privately placed securities on capital market segment,https://nsearchives.nseindia.com/content/circulars/CML63117.pdf
29-07-2024,NSE,Continuation of trading in Securities in Z Category,https://nsearchives.nseindia.com/content/circulars/CML63116.pdf
29-07-2024,NSE,SPLIT: Adjustment of Market Lot for Security CELLECOR in SME Platform,https://nsearchives.nseindia.com/content/circulars/CMTR63115.pdf
29-07-2024,NSE,Applicability of Short-Term Additional Surveillance Measure (ST-ASM),https://nsearchives.nseindia.com/content/circulars/SURV63113.zip
29-07-2024,NSE,Applicability of Additional Surveillance Measure (ASM),https://nsearchives.nseindia.com/content/circulars/SURV63112.zip
29-07-2024,NSE,Listing of Equity Shares of V.L.Infraprojects Limited (SME IPO),https://nsearchives.nseindia.com/content/circulars/CML63111.zip
29-07-2024,NSE,Applicability of Enhanced Surveillance Measure (ESM),https://nsearchives.nseindia.com/content/circulars/SURV63110.zip
29-07-2024,NSE,Face Value Split - Kapston Services Limited (KAPSTON),https://nsearchives.nseindia.com/content/circulars/CML63109.pdf
29-07-2024,NSE,Trading of Rights Entitlements pursuant to Rights Issue of GACM Technologies Limited,https://nsearchives.nseindia.com/content/circulars/CML63108.pdf
29-07-2024,NSE,Trade for Trade - RNFI Services Limited (SME IPO),https://nsearchives.nseindia.com/content/circulars/CML63107.pdf
29-07-2024,NSE,Suspension of trading in Non-Convertible Debentures (Privately Placed) - Hindustan Petroleum Corporation Limited,https://nsearchives.nseindia.com/content/circulars/CML63106.pdf
26-07-2024,NSE,Listing of further issues of Sar Televenture Limited,https://nsearchives.nseindia.com/content/circulars/CML63105.pdf
26-07-2024,NSE,Listing of further issue of Adroit Infotech Limited,https://nsearchives.nseindia.com/content/circulars/CML63104.pdf
26-07-2024,NSE,"Revised MWPL, Participant, Institutional and Non Institutional client limits for TATACONSUM",https://nsearchives.nseindia.com/content/circulars/CMPT63103.pdf
26-07-2024,NSE,SEBI Order in respect of Vijay Mallya in the matter of routing of funds to the Indian Securities Market using overseas bank accounts with UBS AG,https://nsearchives.nseindia.com/content/circulars/INVG63102.pdf
26-07-2024,NSE,Listing of Units of Cube Highways Trust,https://nsearchives.nseindia.com/content/circulars/CML63101.pdf
26-07-2024,NSE,Listing of Equity Shares of RNFI Services Limited (SME IPO),https://nsearchives.nseindia.com/content/circulars/CML63100.zip
26-07-2024,NSE,Listing of further issues of securities.,https://nsearchives.nseindia.com/content/circulars/CML63099.pdf
26-07-2024,NSE,Applicability of Short-Term Additional Surveillance Measure (ST-ASM),https://nsearchives.nseindia.com/content/circulars/SURV63098.zip
26-07-2024,NSE,Applicability of Additional Surveillance Measure (ASM),https://nsearchives.nseindia.com/content/circulars/SURV63097.zip
26-07-2024,NSE,Applicability of Enhanced Surveillance Measure (ESM),https://nsearchives.nseindia.com/content/circulars/SURV63096.zip
26-07-2024,NSE,Settlement Calendar for Offer for Sale of shares of Viceroy Hotels Limited,https://nsearchives.nseindia.com/content/circulars/CMPT63095.pdf
26-07-2024,NSE,Listing of privately placed securities on the debt market segment of the Exchange,https://nsearchives.nseindia.com/content/circulars/CML63094.pdf
26-07-2024,NSE,Listing of privately placed securities on capital market segment,https://nsearchives.nseindia.com/content/circulars/CML63093.pdf
26-07-2024,NSE,Face Value Split - Filatex Fashions Limited (FILATFASH),https://nsearchives.nseindia.com/content/circulars/CML63092.pdf
26-07-2024,NSE,Suspension of trading in Non-Convertible Debentures (Privately Placed) ,https://nsearchives.nseindia.com/content/circulars/CML63091.pdf
26-07-2024,NSE,Change in name and symbol of Ambani Organics Limited,https://nsearchives.nseindia.com/content/circulars/CML63090.pdf
26-07-2024,NSE,Listing of Equity Shares of Ravindra Energy Limited (New Listing),https://nsearchives.nseindia.com/content/circulars/CML63089.zip
26-07-2024,NSE,Revocation of suspension of trading in units - on account of Interval Scheme,https://nsearchives.nseindia.com/content/circulars/CML63074.pdf
25-07-2024,NSE,Listing of further issue of IDFC First Bank Limited,https://nsearchives.nseindia.com/content/circulars/CML63088.pdf
25-07-2024,NSE,"Revised MWPL, TM, FII/FPI & MF limits for TATA CONSUMER PRODUCTS LIMITED",https://nsearchives.nseindia.com/content/circulars/CMPT63087.pdf
25-07-2024,NSE,Listing of further issues of securities,https://nsearchives.nseindia.com/content/circulars/CML63086.pdf
25-07-2024,NSE,SEBI Order in the matter of Unregistered Investment Advisory Services by Equity Mantra (Proprietor. Mr. Naresh Pal),https://nsearchives.nseindia.com/content/circulars/INVG63085.pdf
25-07-2024,NSE,Listing of Equity Shares of Sanstar Limited (IPO),https://nsearchives.nseindia.com/content/circulars/CML63084.zip
25-07-2024,NSE,Listing of privately placed securities on capital market segment,https://nsearchives.nseindia.com/content/circulars/CML63083.pdf
25-07-2024,NSE,Listing of privately placed securities on the debt market segment of the Exchange,https://nsearchives.nseindia.com/content/circulars/CML63082.pdf
25-07-2024,NSE,"Revised MWPL, Participant, Institutional & Non - Institutional Client Limits for KSB",https://nsearchives.nseindia.com/content/circulars/CMPT63081.pdf
25-07-2024,NSE,Listing of Treasury Bills (Tbills) and State Development Loans (SDLs) on capital market segment,https://nsearchives.nseindia.com/content/circulars/CML63080.pdf
25-07-2024,NSE,Change in Security Name and Symbol,https://nsearchives.nseindia.com/content/circulars/CMPT63079.pdf
25-07-2024,NSE,RIGHTS: Adjustment of Futures and Options contracts in the security TATACONSUM,https://nsearchives.nseindia.com/content/circulars/FAOP63078.pdf
25-07-2024,NSE,Applicability of Short-Term Additional Surveillance Measure (ST-ASM),https://nsearchives.nseindia.com/content/circulars/SURV63077.zip
25-07-2024,NSE,Applicability of Additional Surveillance Measure (ASM),https://nsearchives.nseindia.com/content/circulars/SURV63076.zip
25-07-2024,NSE,Suspension of trading in Non-Convertible Debentures (Privately Placed),https://nsearchives.nseindia.com/content/circulars/CML63075.pdf
25-07-2024,NSE,Listing of Equity Shares of Sanstar Limited (IPO),https://nsearchives.nseindia.com/content/circulars/CML63063.pdf
24-07-2024,NSE,Revised list of Approved Securities and GOI Securities (G-Sec),https://nsearchives.nseindia.com/content/circulars/CMPT63073.zip
24-07-2024,NSE,Revised list of Approved GOI Securities (G-Sec) and Corporate Bonds,https://nsearchives.nseindia.com/content/circulars/DS63072.zip
24-07-2024,NSE,Revised list of Approved Securities,https://nsearchives.nseindia.com/content/circulars/COM63071.zip
24-07-2024,NSE,Revised List of Approved Securities,https://nsearchives.nseindia.com/content/circulars/CMPT63070.zip
24-07-2024,NSE,Revised list of Approved Securities,https://nsearchives.nseindia.com/content/circulars/CMPT63069.zip
24-07-2024,NSE,Revised list of Approved Securities,https://nsearchives.nseindia.com/content/circulars/CD63068.zip
24-07-2024,NSE,Listing of privately placed securities on capital market segment,https://nsearchives.nseindia.com/content/circulars/CML63067.pdf
24-07-2024,NSE,Adjustment of Futures and Options Contracts in the Security TATA CONSUMER PRODUCTS LIMITED (TATACONSUM),https://nsearchives.nseindia.com/content/circulars/CMPT63066.pdf
24-07-2024,NSE,Listing of further issues of Rbm Infracon Limited,https://nsearchives.nseindia.com/content/circulars/CML63065.pdf
24-07-2024,NSE,Listing of privately placed securities on the debt market segment of the Exchange,https://nsearchives.nseindia.com/content/circulars/CML63064.pdf
24-07-2024,NSE,Listing of privately placed securities on capital market segment,https://nsearchives.nseindia.com/content/circulars/CML63062.pdf
24-07-2024,NSE,SEBI Order in the matter of Prakash Constrowell Limited,https://nsearchives.nseindia.com/content/circulars/INVG63061.pdf
24-07-2024,NSE,Listing of further issues of securities,https://nsearchives.nseindia.com/content/circulars/CML63060.pdf
24-07-2024,NSE,RIGHTS: Adjustment of Futures and Options contracts in the security TATACONSUM,https://nsearchives.nseindia.com/content/circulars/FAOP63059.pdf
24-07-2024,NSE,Suspension of trading in Non-Convertible Debentures (Privately Placed),https://nsearchives.nseindia.com/content/circulars/CML63058.pdf
24-07-2024,NSE,Revised list of Cross Margin Eligible Exchange Traded Funds (ETFs),https://nsearchives.nseindia.com/content/circulars/CMPT63057.pdf
24-07-2024,NSE,Revised list of Cross Margin Eligible Exchange Traded Funds (ETFs),https://nsearchives.nseindia.com/content/circulars/CMPT63056.pdf
24-07-2024,NSE,Daily Price Limit (DPL) or Operating range for Option contracts for GOLDM - update,https://nsearchives.nseindia.com/content/circulars/COM63055.pdf
24-07-2024,NSE,Applicability of Shot-Term Additional Surveillance Measure (ST-ASM),https://nsearchives.nseindia.com/content/circulars/SURV63054.zip
24-07-2024,NSE,Base price computation for GOLDM contract - Discontinuation of XAU feed,https://nsearchives.nseindia.com/content/circulars/COM63053.pdf
24-07-2024,NSE,Trade for Trade - Kataria Industries Limited (SME IPO),https://nsearchives.nseindia.com/content/circulars/CML63052.pdf
24-07-2024,NSE,Applicability of Enhanced Surveillance Measure (ESM),https://nsearchives.nseindia.com/content/circulars/SURV63046.zip
24-07-2024,NSE,Trading of Rights Entitlements pursuant to Rights Issue of Indowind Energy Limited,https://nsearchives.nseindia.com/content/circulars/CML63045.pdf
24-07-2024,NSE,Trade for Trade Macobs Technologies Limited (SME IPO),https://nsearchives.nseindia.com/content/circulars/CML63037.pdf
23-07-2024,NSE,Early Pay-in of Securities for Ksb Limited (KSB),https://nsearchives.nseindia.com/content/circulars/CMPT63051.pdf
23-07-2024,NSE,Listing of privately placed securities on the debt market segment of the Exchange,https://nsearchives.nseindia.com/content/circulars/CML63050.pdf
23-07-2024,NSE,Listing of privately placed securities on capital market segment,https://nsearchives.nseindia.com/content/circulars/CML63049.pdf
23-07-2024,NSE,Listing of further issues of securities,https://nsearchives.nseindia.com/content/circulars/CML63048.pdf
23-07-2024,NSE,Listing of Equity Shares of Macobs Technologies Limited (SME IPO),https://nsearchives.nseindia.com/content/circulars/CML63047.zip
23-07-2024,NSE,Face Value Split - Rushil Decor Limited (RUSHIL),https://nsearchives.nseindia.com/content/circulars/CML63044.pdf
23-07-2024,NSE,Applicability of Short-Term Additional Surveillance Measure (ST-ASM),https://nsearchives.nseindia.com/content/circulars/SURV63043.zip
23-07-2024,NSE,Applicability of Additional Surveillance Measure (ASM),https://nsearchives.nseindia.com/content/circulars/SURV63042.zip
23-07-2024,NSE,Listing of Equity Shares of Kataria Industries Limited (SME IPO),https://nsearchives.nseindia.com/content/circulars/CML63041.zip
23-07-2024,NSE,Listing of units issued by ICICI Prudential Asset Management Company Limited (ICICI Prudential Nifty Oil & Gas ETF),https://nsearchives.nseindia.com/content/circulars/CML63040.pdf
23-07-2024,NSE,Framework for providing flexibility for foreign portfolio Investor in dealing with their securities post expiry of their registration,https://nsearchives.nseindia.com/content/circulars/ISC63039.zip
23-07-2024,NSE,"Suspension of trading in T-Bills, Sovereign Gold Bonds, Government Securities and State Government Bonds - On account of redemption ",https://nsearchives.nseindia.com/content/circulars/CML63038.pdf
23-07-2024,NSE,Applicability of Enhanced Surveillance Measure (ESM),https://nsearchives.nseindia.com/content/circulars/SURV63036.zip
23-07-2024,NSE,Trading of Rights Entitlements pursuant to Rights Issue of Globesecure Technologies Limited,https://nsearchives.nseindia.com/content/circulars/CML63035.pdf
23-07-2024,NSE,Trade for Trade - Tunwal E-Motors Limited (SME IPO),https://nsearchives.nseindia.com/content/circulars/CML63034.pdf
23-07-2024,NSE,Change in name of Vertoz Advertising Limited,https://nsearchives.nseindia.com/content/circulars/CML63033.pdf
